Series Name,Series Code,Country Name,Country Code,1990 [YR1990],2000 [YR2000],2010 [YR2010],2011 [YR2011],2012 [YR2012],2013 [YR2013],2014 [YR2014],2015 [YR2015],2016 [YR2016],2017 [YR2017],2018 [YR2018],2019 [YR2019]
Women who believe a husband is justified in beating his wife when she refuses sex with him (%): Q4,SG.VAW.REFU.Q4.ZS,Arab World,ARB,..,..,..,..,..,..,..,..,..,..,..,..
Women who believe a husband is justified in beating his wife when she refuses sex with him (%): Q4,SG.VAW.REFU.Q4.ZS,Caribbean small states,CSS,..,..,..,..,..,..,..,..,..,..,..,..
Women who believe a husband is justified in beating his wife when she refuses sex with him (%): Q4,SG.VAW.REFU.Q4.ZS,Central Europe and the Baltics,CEB,..,..,..,..,..,..,..,..,..,..,..,..
Women who believe a husband is justified in beating his wife when she refuses sex with him (%): Q4,SG.VAW.REFU.Q4.ZS,Early-demographic dividend,EAR,..,..,..,..,..,..,..,..,..,..,..,..
Women who believe a husband is justified in beating his wife when she refuses sex with him (%): Q4,SG.VAW.REFU.Q4.ZS,East Asia & Pacific,EAS,..,..,..,..,..,..,..,..,..,..,..,..
Women who believe a husband is justified in beating his wife when she refuses sex with him (%): Q4,SG.VAW.REFU.Q4.ZS,East Asia & Pacific (excluding high income),EAP,..,..,..,..,..,..,..,..,..,..,..,..
Women who believe a husband is justified in beating his wife when she refuses sex with him (%): Q4,SG.VAW.REFU.Q4.ZS,East Asia & Pacific (IDA & IBRD),TEA,..,..,..,..,..,..,..,..,..,..,..,..
Women who believe a husband is justified in beating his wife when she refuses sex with him (%): Q4,SG.VAW.REFU.Q4.ZS,Euro area,EMU,..,..,..,..,..,..,..,..,..,..,..,..
Women who believe a husband is justified in beating his wife when she refuses sex with him (%): Q4,SG.VAW.REFU.Q4.ZS,Europe & Central Asia,ECS,..,..,..,..,..,..,..,..,..,..,..,..
Women who believe a husband is justified in beating his wife when she refuses sex with him (%): Q4,SG.VAW.REFU.Q4.ZS,Europe & Central Asia (excluding high income),ECA,..,..,..,..,..,..,..,..,..,..,..,..
Women who believe a husband is justified in beating his wife when she refuses sex with him (%): Q4,SG.VAW.REFU.Q4.ZS,Europe & Central Asia (IDA & IBRD),TEC,..,..,..,..,..,..,..,..,..,..,..,..
Women who believe a husband is justified in beating his wife when she refuses sex with him (%): Q4,SG.VAW.REFU.Q4.ZS,European Union,EUU,..,..,..,..,..,..,..,..,..,..,..,..
Women who believe a husband is justified in beating his wife when she refuses sex with him (%): Q4,SG.VAW.REFU.Q4.ZS,Fragile and conflict affected situations,FCS,..,..,..,..,..,..,..,..,..,..,..,..
Women who believe a husband is justified in beating his wife when she refuses sex with him (%): Q4,SG.VAW.REFU.Q4.ZS,Heavily indebted poor countries (HIPC),HPC,..,..,..,..,..,..,..,..,..,..,..,..
Women who believe a husband is justified in beating his wife when she refuses sex with him (%): Q4,SG.VAW.REFU.Q4.ZS,High income,HIC,..,..,..,..,..,..,..,..,..,..,..,..
Women who believe a husband is justified in beating his wife when she refuses sex with him (%): Q4,SG.VAW.REFU.Q4.ZS,IBRD only,IBD,..,..,..,..,..,..,..,..,..,..,..,..
Women who believe a husband is justified in beating his wife when she refuses sex with him (%): Q4,SG.VAW.REFU.Q4.ZS,IDA & IBRD total,IBT,..,..,..,..,..,..,..,..,..,..,..,..
Women who believe a husband is justified in beating his wife when she refuses sex with him (%): Q4,SG.VAW.REFU.Q4.ZS,IDA blend,IDB,..,..,..,..,..,..,..,..,..,..,..,..
Women who believe a husband is justified in beating his wife when she refuses sex with him (%): Q4,SG.VAW.REFU.Q4.ZS,IDA only,IDX,..,..,..,..,..,..,..,..,..,..,..,..
Women who believe a husband is justified in beating his wife when she refuses sex with him (%): Q4,SG.VAW.REFU.Q4.ZS,IDA total,IDA,..,..,..,..,..,..,..,..,..,..,..,..
Women who believe a husband is justified in beating his wife when she refuses sex with him (%): Q4,SG.VAW.REFU.Q4.ZS,Late-demographic dividend,LTE,..,..,..,..,..,..,..,..,..,..,..,..
Women who believe a husband is justified in beating his wife when she refuses sex with him (%): Q4,SG.VAW.REFU.Q4.ZS,Latin America & Caribbean,LCN,..,..,..,..,..,..,..,..,..,..,..,..
Women who believe a husband is justified in beating his wife when she refuses sex with him (%): Q4,SG.VAW.REFU.Q4.ZS,Latin America & Caribbean (excluding high income),LAC,..,..,..,..,..,..,..,..,..,..,..,..
Women who believe a husband is justified in beating his wife when she refuses sex with him (%): Q4,SG.VAW.REFU.Q4.ZS,Latin America & Caribbean (IDA & IBRD),TLA,..,..,..,..,..,..,..,..,..,..,..,..
Women who believe a husband is justified in beating his wife when she refuses sex with him (%): Q4,SG.VAW.REFU.Q4.ZS,Least developed countries: UN classification,LDC,..,..,..,..,..,..,..,..,..,..,..,..
Women who believe a husband is justified in beating his wife when she refuses sex with him (%): Q4,SG.VAW.REFU.Q4.ZS,Low & middle income,LMY,..,..,..,..,..,..,..,..,..,..,..,..
Women who believe a husband is justified in beating his wife when she refuses sex with him (%): Q4,SG.VAW.REFU.Q4.ZS,Low income,LIC,..,..,..,..,..,..,..,..,..,..,..,..
Women who believe a husband is justified in beating his wife when she refuses sex with him (%): Q4,SG.VAW.REFU.Q4.ZS,Lower middle income,LMC,..,..,..,..,..,..,..,..,..,..,..,..
Women who believe a husband is justified in beating his wife when she refuses sex with him (%): Q4,SG.VAW.REFU.Q4.ZS,Middle East & North Africa,MEA,..,..,..,..,..,..,..,..,..,..,..,..
Women who believe a husband is justified in beating his wife when she refuses sex with him (%): Q4,SG.VAW.REFU.Q4.ZS,Middle East & North Africa (excluding high income),MNA,..,..,..,..,..,..,..,..,..,..,..,..
Women who believe a husband is justified in beating his wife when she refuses sex with him (%): Q4,SG.VAW.REFU.Q4.ZS,Middle East & North Africa (IDA & IBRD),TMN,..,..,..,..,..,..,..,..,..,..,..,..
Women who believe a husband is justified in beating his wife when she refuses sex with him (%): Q4,SG.VAW.REFU.Q4.ZS,Middle income,MIC,..,..,..,..,..,..,..,..,..,..,..,..
Women who believe a husband is justified in beating his wife when she refuses sex with him (%): Q4,SG.VAW.REFU.Q4.ZS,North America,NAC,..,..,..,..,..,..,..,..,..,..,..,..
Women who believe a husband is justified in beating his wife when she refuses sex with him (%): Q4,SG.VAW.REFU.Q4.ZS,OECD members,OED,..,..,..,..,..,..,..,..,..,..,..,..
Women who believe a husband is justified in beating his wife when she refuses sex with him (%): Q4,SG.VAW.REFU.Q4.ZS,Other small states,OSS,..,..,..,..,..,..,..,..,..,..,..,..
Women who believe a husband is justified in beating his wife when she refuses sex with him (%): Q4,SG.VAW.REFU.Q4.ZS,Pacific island small states,PSS,..,..,..,..,..,..,..,..,..,..,..,..
Women who believe a husband is justified in beating his wife when she refuses sex with him (%): Q4,SG.VAW.REFU.Q4.ZS,Post-demographic dividend,PST,..,..,..,..,..,..,..,..,..,..,..,..
Women who believe a husband is justified in beating his wife when she refuses sex with him (%): Q4,SG.VAW.REFU.Q4.ZS,Pre-demographic dividend,PRE,..,..,..,..,..,..,..,..,..,..,..,..
Women who believe a husband is justified in beating his wife when she refuses sex with him (%): Q4,SG.VAW.REFU.Q4.ZS,Small states,SST,..,..,..,..,..,..,..,..,..,..,..,..
Women who believe a husband is justified in beating his wife when she refuses sex with him (%): Q4,SG.VAW.REFU.Q4.ZS,South Asia,SAS,..,..,..,..,..,..,..,..,..,..,..,..
Women who believe a husband is justified in beating his wife when she refuses sex with him (%): Q4,SG.VAW.REFU.Q4.ZS,South Asia (IDA & IBRD),TSA,..,..,..,..,..,..,..,..,..,..,..,..
Women who believe a husband is justified in beating his wife when she refuses sex with him (%): Q4,SG.VAW.REFU.Q4.ZS,Sub-Saharan Africa,SSF,..,..,..,..,..,..,..,..,..,..,..,..
Women who believe a husband is justified in beating his wife when she refuses sex with him (%): Q4,SG.VAW.REFU.Q4.ZS,Sub-Saharan Africa (excluding high income),SSA,..,..,..,..,..,..,..,..,..,..,..,..
Women who believe a husband is justified in beating his wife when she refuses sex with him (%): Q4,SG.VAW.REFU.Q4.ZS,Sub-Saharan Africa (IDA & IBRD),TSS,..,..,..,..,..,..,..,..,..,..,..,..
Women who believe a husband is justified in beating his wife when she refuses sex with him (%): Q4,SG.VAW.REFU.Q4.ZS,Upper middle income,UMC,..,..,..,..,..,..,..,..,..,..,..,..
Women who believe a husband is justified in beating his wife when she refuses sex with him (%): Q4,SG.VAW.REFU.Q4.ZS,World,WLD,..,..,..,..,..,..,..,..,..,..,..,..
Women who believe a husband is justified in beating his wife when she refuses sex with him (%): Q4,SG.VAW.REFU.Q4.ZS,Afghanistan,AFG,..,..,..,..,..,..,..,32.7,..,..,..,..
Women who believe a husband is justified in beating his wife when she refuses sex with him (%): Q4,SG.VAW.REFU.Q4.ZS,Albania,ALB,..,..,..,..,..,..,..,..,..,..,0.3,..
Women who believe a husband is justified in beating his wife when she refuses sex with him (%): Q4,SG.VAW.REFU.Q4.ZS,Algeria,DZA,..,..,..,..,..,..,..,..,..,..,..,..
Women who believe a husband is justified in beating his wife when she refuses sex with him (%): Q4,SG.VAW.REFU.Q4.ZS,American Samoa,ASM,..,..,..,..,..,..,..,..,..,..,..,..
Women who believe a husband is justified in beating his wife when she refuses sex with him (%): Q4,SG.VAW.REFU.Q4.ZS,Andorra,AND,..,..,..,..,..,..,..,..,..,..,..,..
Women who believe a husband is justified in beating his wife when she refuses sex with him (%): Q4,SG.VAW.REFU.Q4.ZS,Angola,AGO,..,..,..,..,..,..,..,..,5.4,..,..,..
Women who believe a husband is justified in beating his wife when she refuses sex with him (%): Q4,SG.VAW.REFU.Q4.ZS,Antigua and Barbuda,ATG,..,..,..,..,..,..,..,..,..,..,..,..
Women who believe a husband is justified in beating his wife when she refuses sex with him (%): Q4,SG.VAW.REFU.Q4.ZS,Argentina,ARG,..,..,..,..,..,..,..,..,..,..,..,..
Women who believe a husband is justified in beating his wife when she refuses sex with him (%): Q4,SG.VAW.REFU.Q4.ZS,Armenia,ARM,..,4.2,0.6,..,..,..,..,..,0.2,..,..,..
Women who believe a husband is justified in beating his wife when she refuses sex with him (%): Q4,SG.VAW.REFU.Q4.ZS,Aruba,ABW,..,..,..,..,..,..,..,..,..,..,..,..
Women who believe a husband is justified in beating his wife when she refuses sex with him (%): Q4,SG.VAW.REFU.Q4.ZS,Australia,AUS,..,..,..,..,..,..,..,..,..,..,..,..
Women who believe a husband is justified in beating his wife when she refuses sex with him (%): Q4,SG.VAW.REFU.Q4.ZS,Austria,AUT,..,..,..,..,..,..,..,..,..,..,..,..
Women who believe a husband is justified in beating his wife when she refuses sex with him (%): Q4,SG.VAW.REFU.Q4.ZS,Azerbaijan,AZE,..,..,..,..,..,..,..,..,..,..,..,..
Women who believe a husband is justified in beating his wife when she refuses sex with him (%): Q4,SG.VAW.REFU.Q4.ZS,"Bahamas, The",BHS,..,..,..,..,..,..,..,..,..,..,..,..
Women who believe a husband is justified in beating his wife when she refuses sex with him (%): Q4,SG.VAW.REFU.Q4.ZS,Bahrain,BHR,..,..,..,..,..,..,..,..,..,..,..,..
Women who believe a husband is justified in beating his wife when she refuses sex with him (%): Q4,SG.VAW.REFU.Q4.ZS,Bangladesh,BGD,..,..,..,6.8,..,..,6.2,..,..,..,..,..
Women who believe a husband is justified in beating his wife when she refuses sex with him (%): Q4,SG.VAW.REFU.Q4.ZS,Barbados,BRB,..,..,..,..,..,..,..,..,..,..,..,..
Women who believe a husband is justified in beating his wife when she refuses sex with him (%): Q4,SG.VAW.REFU.Q4.ZS,Belarus,BLR,..,..,..,..,..,..,..,..,..,..,..,..
Women who believe a husband is justified in beating his wife when she refuses sex with him (%): Q4,SG.VAW.REFU.Q4.ZS,Belgium,BEL,..,..,..,..,..,..,..,..,..,..,..,..
Women who believe a husband is justified in beating his wife when she refuses sex with him (%): Q4,SG.VAW.REFU.Q4.ZS,Belize,BLZ,..,..,..,..,..,..,..,..,..,..,..,..
Women who believe a husband is justified in beating his wife when she refuses sex with him (%): Q4,SG.VAW.REFU.Q4.ZS,Benin,BEN,..,..,..,..,6.2,..,..,..,..,..,12.4,..
Women who believe a husband is justified in beating his wife when she refuses sex with him (%): Q4,SG.VAW.REFU.Q4.ZS,Bermuda,BMU,..,..,..,..,..,..,..,..,..,..,..,..
Women who believe a husband is justified in beating his wife when she refuses sex with him (%): Q4,SG.VAW.REFU.Q4.ZS,Bhutan,BTN,..,..,..,..,..,..,..,..,..,..,..,..
Women who believe a husband is justified in beating his wife when she refuses sex with him (%): Q4,SG.VAW.REFU.Q4.ZS,Bolivia,BOL,..,..,..,..,..,..,..,..,..,..,..,..
Women who believe a husband is justified in beating his wife when she refuses sex with him (%): Q4,SG.VAW.REFU.Q4.ZS,Bosnia and Herzegovina,BIH,..,..,..,..,..,..,..,..,..,..,..,..
Women who believe a husband is justified in beating his wife when she refuses sex with him (%): Q4,SG.VAW.REFU.Q4.ZS,Botswana,BWA,..,..,..,..,..,..,..,..,..,..,..,..
Women who believe a husband is justified in beating his wife when she refuses sex with him (%): Q4,SG.VAW.REFU.Q4.ZS,Brazil,BRA,..,..,..,..,..,..,..,..,..,..,..,..
Women who believe a husband is justified in beating his wife when she refuses sex with him (%): Q4,SG.VAW.REFU.Q4.ZS,British Virgin Islands,VGB,..,..,..,..,..,..,..,..,..,..,..,..
Women who believe a husband is justified in beating his wife when she refuses sex with him (%): Q4,SG.VAW.REFU.Q4.ZS,Brunei Darussalam,BRN,..,..,..,..,..,..,..,..,..,..,..,..
Women who believe a husband is justified in beating his wife when she refuses sex with him (%): Q4,SG.VAW.REFU.Q4.ZS,Bulgaria,BGR,..,..,..,..,..,..,..,..,..,..,..,..
Women who believe a husband is justified in beating his wife when she refuses sex with him (%): Q4,SG.VAW.REFU.Q4.ZS,Burkina Faso,BFA,..,..,20,..,..,..,..,..,..,..,..,..
Women who believe a husband is justified in beating his wife when she refuses sex with him (%): Q4,SG.VAW.REFU.Q4.ZS,Burundi,BDI,..,..,45.4,..,..,..,..,..,..,39.6,..,..
Women who believe a husband is justified in beating his wife when she refuses sex with him (%): Q4,SG.VAW.REFU.Q4.ZS,Cabo Verde,CPV,..,..,..,..,..,..,..,..,..,..,..,..
Women who believe a husband is justified in beating his wife when she refuses sex with him (%): Q4,SG.VAW.REFU.Q4.ZS,Cambodia,KHM,..,..,12.8,..,..,..,12.5,..,..,..,..,..
Women who believe a husband is justified in beating his wife when she refuses sex with him (%): Q4,SG.VAW.REFU.Q4.ZS,Cameroon,CMR,..,..,..,9.5,..,..,..,..,..,..,..,..
Women who believe a husband is justified in beating his wife when she refuses sex with him (%): Q4,SG.VAW.REFU.Q4.ZS,Canada,CAN,..,..,..,..,..,..,..,..,..,..,..,..
Women who believe a husband is justified in beating his wife when she refuses sex with him (%): Q4,SG.VAW.REFU.Q4.ZS,Cayman Islands,CYM,..,..,..,..,..,..,..,..,..,..,..,..
Women who believe a husband is justified in beating his wife when she refuses sex with him (%): Q4,SG.VAW.REFU.Q4.ZS,Central African Republic,CAF,..,..,..,..,..,..,..,..,..,..,..,..
Women who believe a husband is justified in beating his wife when she refuses sex with him (%): Q4,SG.VAW.REFU.Q4.ZS,Chad,TCD,..,..,..,..,..,..,..,43.1,..,..,..,..
Women who believe a husband is justified in beating his wife when she refuses sex with him (%): Q4,SG.VAW.REFU.Q4.ZS,Channel Islands,CHI,..,..,..,..,..,..,..,..,..,..,..,..
Women who believe a husband is justified in beating his wife when she refuses sex with him (%): Q4,SG.VAW.REFU.Q4.ZS,Chile,CHL,..,..,..,..,..,..,..,..,..,..,..,..
Women who believe a husband is justified in beating his wife when she refuses sex with him (%): Q4,SG.VAW.REFU.Q4.ZS,China,CHN,..,..,..,..,..,..,..,..,..,..,..,..
Women who believe a husband is justified in beating his wife when she refuses sex with him (%): Q4,SG.VAW.REFU.Q4.ZS,Colombia,COL,..,..,0.1,..,..,..,..,1.1,..,..,..,..
Women who believe a husband is justified in beating his wife when she refuses sex with him (%): Q4,SG.VAW.REFU.Q4.ZS,Comoros,COM,..,..,..,..,15.2,..,..,..,..,..,..,..
Women who believe a husband is justified in beating his wife when she refuses sex with him (%): Q4,SG.VAW.REFU.Q4.ZS,"Congo, Dem. Rep.",COD,..,..,..,..,..,..,44.9,..,..,..,..,..
Women who believe a husband is justified in beating his wife when she refuses sex with him (%): Q4,SG.VAW.REFU.Q4.ZS,"Congo, Rep.",COG,..,..,..,..,25.7,..,..,..,..,..,..,..
Women who believe a husband is justified in beating his wife when she refuses sex with him (%): Q4,SG.VAW.REFU.Q4.ZS,Costa Rica,CRI,..,..,..,..,..,..,..,..,..,..,..,..
Women who believe a husband is justified in beating his wife when she refuses sex with him (%): Q4,SG.VAW.REFU.Q4.ZS,Cote d'Ivoire,CIV,..,..,..,..,21.3,..,..,..,..,..,..,..
Women who believe a husband is justified in beating his wife when she refuses sex with him (%): Q4,SG.VAW.REFU.Q4.ZS,Croatia,HRV,..,..,..,..,..,..,..,..,..,..,..,..
Women who believe a husband is justified in beating his wife when she refuses sex with him (%): Q4,SG.VAW.REFU.Q4.ZS,Cuba,CUB,..,..,..,..,..,..,..,..,..,..,..,..
Women who believe a husband is justified in beating his wife when she refuses sex with him (%): Q4,SG.VAW.REFU.Q4.ZS,Curacao,CUW,..,..,..,..,..,..,..,..,..,..,..,..
Women who believe a husband is justified in beating his wife when she refuses sex with him (%): Q4,SG.VAW.REFU.Q4.ZS,Cyprus,CYP,..,..,..,..,..,..,..,..,..,..,..,..
Women who believe a husband is justified in beating his wife when she refuses sex with him (%): Q4,SG.VAW.REFU.Q4.ZS,Czech Republic,CZE,..,..,..,..,..,..,..,..,..,..,..,..
Women who believe a husband is justified in beating his wife when she refuses sex with him (%): Q4,SG.VAW.REFU.Q4.ZS,Denmark,DNK,..,..,..,..,..,..,..,..,..,..,..,..
Women who believe a husband is justified in beating his wife when she refuses sex with him (%): Q4,SG.VAW.REFU.Q4.ZS,Djibouti,DJI,..,..,..,..,..,..,..,..,..,..,..,..
Women who believe a husband is justified in beating his wife when she refuses sex with him (%): Q4,SG.VAW.REFU.Q4.ZS,Dominica,DMA,..,..,..,..,..,..,..,..,..,..,..,..
Women who believe a husband is justified in beating his wife when she refuses sex with him (%): Q4,SG.VAW.REFU.Q4.ZS,Dominican Republic,DOM,..,..,..,..,..,0.1,..,..,..,..,..,..
Women who believe a husband is justified in beating his wife when she refuses sex with him (%): Q4,SG.VAW.REFU.Q4.ZS,Ecuador,ECU,..,..,..,..,..,..,..,..,..,..,..,..
Women who believe a husband is justified in beating his wife when she refuses sex with him (%): Q4,SG.VAW.REFU.Q4.ZS,"Egypt, Arab Rep.",EGY,..,..,..,..,..,..,11.3,..,..,..,..,..
Women who believe a husband is justified in beating his wife when she refuses sex with him (%): Q4,SG.VAW.REFU.Q4.ZS,El Salvador,SLV,..,..,..,..,..,..,..,..,..,..,..,..
Women who believe a husband is justified in beating his wife when she refuses sex with him (%): Q4,SG.VAW.REFU.Q4.ZS,Equatorial Guinea,GNQ,..,..,..,..,..,..,..,..,..,..,..,..
Women who believe a husband is justified in beating his wife when she refuses sex with him (%): Q4,SG.VAW.REFU.Q4.ZS,Eritrea,ERI,..,..,..,..,..,..,..,..,..,..,..,..
Women who believe a husband is justified in beating his wife when she refuses sex with him (%): Q4,SG.VAW.REFU.Q4.ZS,Estonia,EST,..,..,..,..,..,..,..,..,..,..,..,..
Women who believe a husband is justified in beating his wife when she refuses sex with him (%): Q4,SG.VAW.REFU.Q4.ZS,Eswatini,SWZ,..,..,..,..,..,..,..,..,..,..,..,..
Women who believe a husband is justified in beating his wife when she refuses sex with him (%): Q4,SG.VAW.REFU.Q4.ZS,Ethiopia,ETH,..,56.2,..,41.7,..,..,..,..,32.9,..,..,..
Women who believe a husband is justified in beating his wife when she refuses sex with him (%): Q4,SG.VAW.REFU.Q4.ZS,Faroe Islands,FRO,..,..,..,..,..,..,..,..,..,..,..,..
Women who believe a husband is justified in beating his wife when she refuses sex with him (%): Q4,SG.VAW.REFU.Q4.ZS,Fiji,FJI,..,..,..,..,..,..,..,..,..,..,..,..
Women who believe a husband is justified in beating his wife when she refuses sex with him (%): Q4,SG.VAW.REFU.Q4.ZS,Finland,FIN,..,..,..,..,..,..,..,..,..,..,..,..
Women who believe a husband is justified in beating his wife when she refuses sex with him (%): Q4,SG.VAW.REFU.Q4.ZS,France,FRA,..,..,..,..,..,..,..,..,..,..,..,..
Women who believe a husband is justified in beating his wife when she refuses sex with him (%): Q4,SG.VAW.REFU.Q4.ZS,French Polynesia,PYF,..,..,..,..,..,..,..,..,..,..,..,..
Women who believe a husband is justified in beating his wife when she refuses sex with him (%): Q4,SG.VAW.REFU.Q4.ZS,Gabon,GAB,..,..,..,..,7.4,..,..,..,..,..,..,..
Women who believe a husband is justified in beating his wife when she refuses sex with him (%): Q4,SG.VAW.REFU.Q4.ZS,"Gambia, The",GMB,..,..,..,..,..,39.3,..,..,..,..,..,..
Women who believe a husband is justified in beating his wife when she refuses sex with him (%): Q4,SG.VAW.REFU.Q4.ZS,Georgia,GEO,..,..,..,..,..,..,..,..,..,..,..,..
Women who believe a husband is justified in beating his wife when she refuses sex with him (%): Q4,SG.VAW.REFU.Q4.ZS,Germany,DEU,..,..,..,..,..,..,..,..,..,..,..,..
Women who believe a husband is justified in beating his wife when she refuses sex with him (%): Q4,SG.VAW.REFU.Q4.ZS,Ghana,GHA,..,..,..,..,..,..,5.9,..,..,..,..,..
Women who believe a husband is justified in beating his wife when she refuses sex with him (%): Q4,SG.VAW.REFU.Q4.ZS,Gibraltar,GIB,..,..,..,..,..,..,..,..,..,..,..,..
Women who believe a husband is justified in beating his wife when she refuses sex with him (%): Q4,SG.VAW.REFU.Q4.ZS,Greece,GRC,..,..,..,..,..,..,..,..,..,..,..,..
Women who believe a husband is justified in beating his wife when she refuses sex with him (%): Q4,SG.VAW.REFU.Q4.ZS,Greenland,GRL,..,..,..,..,..,..,..,..,..,..,..,..
Women who believe a husband is justified in beating his wife when she refuses sex with him (%): Q4,SG.VAW.REFU.Q4.ZS,Grenada,GRD,..,..,..,..,..,..,..,..,..,..,..,..
Women who believe a husband is justified in beating his wife when she refuses sex with him (%): Q4,SG.VAW.REFU.Q4.ZS,Guam,GUM,..,..,..,..,..,..,..,..,..,..,..,..
Women who believe a husband is justified in beating his wife when she refuses sex with him (%): Q4,SG.VAW.REFU.Q4.ZS,Guatemala,GTM,..,..,..,..,..,..,..,1,..,..,..,..
Women who believe a husband is justified in beating his wife when she refuses sex with him (%): Q4,SG.VAW.REFU.Q4.ZS,Guinea,GIN,..,..,..,..,66.6,..,..,..,..,..,..,..
Women who believe a husband is justified in beating his wife when she refuses sex with him (%): Q4,SG.VAW.REFU.Q4.ZS,Guinea-Bissau,GNB,..,..,..,..,..,..,..,..,..,..,..,..
Women who believe a husband is justified in beating his wife when she refuses sex with him (%): Q4,SG.VAW.REFU.Q4.ZS,Guyana,GUY,..,..,..,..,..,..,..,..,..,..,..,..
Women who believe a husband is justified in beating his wife when she refuses sex with him (%): Q4,SG.VAW.REFU.Q4.ZS,Haiti,HTI,..,13.3,..,..,3.7,..,..,..,..,2.5,..,..
Women who believe a husband is justified in beating his wife when she refuses sex with him (%): Q4,SG.VAW.REFU.Q4.ZS,Honduras,HND,..,..,..,..,1.2,..,..,..,..,..,..,..
Women who believe a husband is justified in beating his wife when she refuses sex with him (%): Q4,SG.VAW.REFU.Q4.ZS,"Hong Kong SAR, China",HKG,..,..,..,..,..,..,..,..,..,..,..,..
Women who believe a husband is justified in beating his wife when she refuses sex with him (%): Q4,SG.VAW.REFU.Q4.ZS,Hungary,HUN,..,..,..,..,..,..,..,..,..,..,..,..
Women who believe a husband is justified in beating his wife when she refuses sex with him (%): Q4,SG.VAW.REFU.Q4.ZS,Iceland,ISL,..,..,..,..,..,..,..,..,..,..,..,..
Women who believe a husband is justified in beating his wife when she refuses sex with him (%): Q4,SG.VAW.REFU.Q4.ZS,India,IND,..,..,..,..,..,..,..,..,12.1,..,..,..
Women who believe a husband is justified in beating his wife when she refuses sex with him (%): Q4,SG.VAW.REFU.Q4.ZS,Indonesia,IDN,..,..,..,..,6.7,..,..,..,..,..,..,..
Women who believe a husband is justified in beating his wife when she refuses sex with him (%): Q4,SG.VAW.REFU.Q4.ZS,"Iran, Islamic Rep.",IRN,..,..,..,..,..,..,..,..,..,..,..,..
Women who believe a husband is justified in beating his wife when she refuses sex with him (%): Q4,SG.VAW.REFU.Q4.ZS,Iraq,IRQ,..,..,..,..,..,..,..,..,..,..,..,..
Women who believe a husband is justified in beating his wife when she refuses sex with him (%): Q4,SG.VAW.REFU.Q4.ZS,Ireland,IRL,..,..,..,..,..,..,..,..,..,..,..,..
Women who believe a husband is justified in beating his wife when she refuses sex with him (%): Q4,SG.VAW.REFU.Q4.ZS,Isle of Man,IMN,..,..,..,..,..,..,..,..,..,..,..,..
Women who believe a husband is justified in beating his wife when she refuses sex with him (%): Q4,SG.VAW.REFU.Q4.ZS,Israel,ISR,..,..,..,..,..,..,..,..,..,..,..,..
Women who believe a husband is justified in beating his wife when she refuses sex with him (%): Q4,SG.VAW.REFU.Q4.ZS,Italy,ITA,..,..,..,..,..,..,..,..,..,..,..,..
Women who believe a husband is justified in beating his wife when she refuses sex with him (%): Q4,SG.VAW.REFU.Q4.ZS,Jamaica,JAM,..,..,..,..,..,..,..,..,..,..,..,..
Women who believe a husband is justified in beating his wife when she refuses sex with him (%): Q4,SG.VAW.REFU.Q4.ZS,Japan,JPN,..,..,..,..,..,..,..,..,..,..,..,..
Women who believe a husband is justified in beating his wife when she refuses sex with him (%): Q4,SG.VAW.REFU.Q4.ZS,Jordan,JOR,..,..,..,..,..,..,..,..,..,..,..,..
Women who believe a husband is justified in beating his wife when she refuses sex with him (%): Q4,SG.VAW.REFU.Q4.ZS,Kazakhstan,KAZ,..,..,..,..,..,..,..,..,..,..,..,..
Women who believe a husband is justified in beating his wife when she refuses sex with him (%): Q4,SG.VAW.REFU.Q4.ZS,Kenya,KEN,..,..,..,..,..,..,10.7,..,..,..,..,..
Women who believe a husband is justified in beating his wife when she refuses sex with him (%): Q4,SG.VAW.REFU.Q4.ZS,Kiribati,KIR,..,..,..,..,..,..,..,..,..,..,..,..
Women who believe a husband is justified in beating his wife when she refuses sex with him (%): Q4,SG.VAW.REFU.Q4.ZS,"Korea, Dem. People's Rep.",PRK,..,..,..,..,..,..,..,..,..,..,..,..
Women who believe a husband is justified in beating his wife when she refuses sex with him (%): Q4,SG.VAW.REFU.Q4.ZS,"Korea, Rep.",KOR,..,..,..,..,..,..,..,..,..,..,..,..
Women who believe a husband is justified in beating his wife when she refuses sex with him (%): Q4,SG.VAW.REFU.Q4.ZS,Kosovo,XKX,..,..,..,..,..,..,..,..,..,..,..,..
Women who believe a husband is justified in beating his wife when she refuses sex with him (%): Q4,SG.VAW.REFU.Q4.ZS,Kuwait,KWT,..,..,..,..,..,..,..,..,..,..,..,..
Women who believe a husband is justified in beating his wife when she refuses sex with him (%): Q4,SG.VAW.REFU.Q4.ZS,Kyrgyz Republic,KGZ,..,..,..,..,7.9,..,..,..,..,..,..,..
Women who believe a husband is justified in beating his wife when she refuses sex with him (%): Q4,SG.VAW.REFU.Q4.ZS,Lao PDR,LAO,..,..,..,..,..,..,..,..,..,..,..,..
Women who believe a husband is justified in beating his wife when she refuses sex with him (%): Q4,SG.VAW.REFU.Q4.ZS,Latvia,LVA,..,..,..,..,..,..,..,..,..,..,..,..
Women who believe a husband is justified in beating his wife when she refuses sex with him (%): Q4,SG.VAW.REFU.Q4.ZS,Lebanon,LBN,..,..,..,..,..,..,..,..,..,..,..,..
Women who believe a husband is justified in beating his wife when she refuses sex with him (%): Q4,SG.VAW.REFU.Q4.ZS,Lesotho,LSO,..,..,..,..,..,..,7.8,..,..,..,..,..
Women who believe a husband is justified in beating his wife when she refuses sex with him (%): Q4,SG.VAW.REFU.Q4.ZS,Liberia,LBR,..,..,..,..,..,8.7,..,..,..,..,..,..
Women who believe a husband is justified in beating his wife when she refuses sex with him (%): Q4,SG.VAW.REFU.Q4.ZS,Libya,LBY,..,..,..,..,..,..,..,..,..,..,..,..
Women who believe a husband is justified in beating his wife when she refuses sex with him (%): Q4,SG.VAW.REFU.Q4.ZS,Liechtenstein,LIE,..,..,..,..,..,..,..,..,..,..,..,..
Women who believe a husband is justified in beating his wife when she refuses sex with him (%): Q4,SG.VAW.REFU.Q4.ZS,Lithuania,LTU,..,..,..,..,..,..,..,..,..,..,..,..
Women who believe a husband is justified in beating his wife when she refuses sex with him (%): Q4,SG.VAW.REFU.Q4.ZS,Luxembourg,LUX,..,..,..,..,..,..,..,..,..,..,..,..
Women who believe a husband is justified in beating his wife when she refuses sex with him (%): Q4,SG.VAW.REFU.Q4.ZS,"Macao SAR, China",MAC,..,..,..,..,..,..,..,..,..,..,..,..
Women who believe a husband is justified in beating his wife when she refuses sex with him (%): Q4,SG.VAW.REFU.Q4.ZS,Madagascar,MDG,..,..,..,..,..,..,..,..,..,..,..,..
Women who believe a husband is justified in beating his wife when she refuses sex with him (%): Q4,SG.VAW.REFU.Q4.ZS,Malawi,MWI,..,19.3,5.1,..,..,..,..,..,8.5,..,..,..
Women who believe a husband is justified in beating his wife when she refuses sex with him (%): Q4,SG.VAW.REFU.Q4.ZS,Malaysia,MYS,..,..,..,..,..,..,..,..,..,..,..,..
Women who believe a husband is justified in beating his wife when she refuses sex with him (%): Q4,SG.VAW.REFU.Q4.ZS,Maldives,MDV,..,..,..,..,..,..,..,..,..,10.9,..,..
Women who believe a husband is justified in beating his wife when she refuses sex with him (%): Q4,SG.VAW.REFU.Q4.ZS,Mali,MLI,..,..,..,..,..,57.9,..,..,..,..,..,..
Women who believe a husband is justified in beating his wife when she refuses sex with him (%): Q4,SG.VAW.REFU.Q4.ZS,Malta,MLT,..,..,..,..,..,..,..,..,..,..,..,..
Women who believe a husband is justified in beating his wife when she refuses sex with him (%): Q4,SG.VAW.REFU.Q4.ZS,Marshall Islands,MHL,..,..,..,..,..,..,..,..,..,..,..,..
Women who believe a husband is justified in beating his wife when she refuses sex with him (%): Q4,SG.VAW.REFU.Q4.ZS,Mauritania,MRT,..,..,..,..,..,..,..,..,..,..,..,..
Women who believe a husband is justified in beating his wife when she refuses sex with him (%): Q4,SG.VAW.REFU.Q4.ZS,Mauritius,MUS,..,..,..,..,..,..,..,..,..,..,..,..
Women who believe a husband is justified in beating his wife when she refuses sex with him (%): Q4,SG.VAW.REFU.Q4.ZS,Mexico,MEX,..,..,..,..,..,..,..,..,..,..,..,..
Women who believe a husband is justified in beating his wife when she refuses sex with him (%): Q4,SG.VAW.REFU.Q4.ZS,"Micronesia, Fed. Sts.",FSM,..,..,..,..,..,..,..,..,..,..,..,..
Women who believe a husband is justified in beating his wife when she refuses sex with him (%): Q4,SG.VAW.REFU.Q4.ZS,Moldova,MDA,..,..,..,..,..,..,..,..,..,..,..,..
Women who believe a husband is justified in beating his wife when she refuses sex with him (%): Q4,SG.VAW.REFU.Q4.ZS,Monaco,MCO,..,..,..,..,..,..,..,..,..,..,..,..
Women who believe a husband is justified in beating his wife when she refuses sex with him (%): Q4,SG.VAW.REFU.Q4.ZS,Mongolia,MNG,..,..,..,..,..,..,..,..,..,..,..,..
Women who believe a husband is justified in beating his wife when she refuses sex with him (%): Q4,SG.VAW.REFU.Q4.ZS,Montenegro,MNE,..,..,..,..,..,..,..,..,..,..,..,..
Women who believe a husband is justified in beating his wife when she refuses sex with him (%): Q4,SG.VAW.REFU.Q4.ZS,Morocco,MAR,..,..,..,..,..,..,..,..,..,..,..,..
Women who believe a husband is justified in beating his wife when she refuses sex with him (%): Q4,SG.VAW.REFU.Q4.ZS,Mozambique,MOZ,..,..,..,5.9,..,..,..,6.4,..,..,..,..
Women who believe a husband is justified in beating his wife when she refuses sex with him (%): Q4,SG.VAW.REFU.Q4.ZS,Myanmar,MMR,..,..,..,..,..,..,..,..,9,..,..,..
Women who believe a husband is justified in beating his wife when she refuses sex with him (%): Q4,SG.VAW.REFU.Q4.ZS,Namibia,NAM,..,..,..,..,..,4.3,..,..,..,..,..,..
Women who believe a husband is justified in beating his wife when she refuses sex with him (%): Q4,SG.VAW.REFU.Q4.ZS,Nauru,NRU,..,..,..,..,..,..,..,..,..,..,..,..
Women who believe a husband is justified in beating his wife when she refuses sex with him (%): Q4,SG.VAW.REFU.Q4.ZS,Nepal,NPL,..,..,..,0.2,..,..,..,..,3.4,..,..,..
Women who believe a husband is justified in beating his wife when she refuses sex with him (%): Q4,SG.VAW.REFU.Q4.ZS,Netherlands,NLD,..,..,..,..,..,..,..,..,..,..,..,..
Women who believe a husband is justified in beating his wife when she refuses sex with him (%): Q4,SG.VAW.REFU.Q4.ZS,New Caledonia,NCL,..,..,..,..,..,..,..,..,..,..,..,..
Women who believe a husband is justified in beating his wife when she refuses sex with him (%): Q4,SG.VAW.REFU.Q4.ZS,New Zealand,NZL,..,..,..,..,..,..,..,..,..,..,..,..
Women who believe a husband is justified in beating his wife when she refuses sex with him (%): Q4,SG.VAW.REFU.Q4.ZS,Nicaragua,NIC,..,..,..,..,..,..,..,..,..,..,..,..
Women who believe a husband is justified in beating his wife when she refuses sex with him (%): Q4,SG.VAW.REFU.Q4.ZS,Niger,NER,..,..,..,..,53.4,..,..,..,..,..,..,..
Women who believe a husband is justified in beating his wife when she refuses sex with him (%): Q4,SG.VAW.REFU.Q4.ZS,Nigeria,NGA,..,..,..,..,..,12.5,..,..,..,..,..,..
Women who believe a husband is justified in beating his wife when she refuses sex with him (%): Q4,SG.VAW.REFU.Q4.ZS,North Macedonia,MKD,..,..,..,..,..,..,..,..,..,..,..,..
Women who believe a husband is justified in beating his wife when she refuses sex with him (%): Q4,SG.VAW.REFU.Q4.ZS,Northern Mariana Islands,MNP,..,..,..,..,..,..,..,..,..,..,..,..
Women who believe a husband is justified in beating his wife when she refuses sex with him (%): Q4,SG.VAW.REFU.Q4.ZS,Norway,NOR,..,..,..,..,..,..,..,..,..,..,..,..
Women who believe a husband is justified in beating his wife when she refuses sex with him (%): Q4,SG.VAW.REFU.Q4.ZS,Oman,OMN,..,..,..,..,..,..,..,..,..,..,..,..
Women who believe a husband is justified in beating his wife when she refuses sex with him (%): Q4,SG.VAW.REFU.Q4.ZS,Pakistan,PAK,..,..,..,..,..,22.9,..,..,..,..,18.2,..
Women who believe a husband is justified in beating his wife when she refuses sex with him (%): Q4,SG.VAW.REFU.Q4.ZS,Palau,PLW,..,..,..,..,..,..,..,..,..,..,..,..
Women who believe a husband is justified in beating his wife when she refuses sex with him (%): Q4,SG.VAW.REFU.Q4.ZS,Panama,PAN,..,..,..,..,..,..,..,..,..,..,..,..
Women who believe a husband is justified in beating his wife when she refuses sex with him (%): Q4,SG.VAW.REFU.Q4.ZS,Papua New Guinea,PNG,..,..,..,..,..,..,..,..,..,..,..,..
Women who believe a husband is justified in beating his wife when she refuses sex with him (%): Q4,SG.VAW.REFU.Q4.ZS,Paraguay,PRY,..,..,..,..,..,..,..,..,..,..,..,..
Women who believe a husband is justified in beating his wife when she refuses sex with him (%): Q4,SG.VAW.REFU.Q4.ZS,Peru,PER,..,..,0.4,0.4,0.4,..,..,..,..,..,..,..
Women who believe a husband is justified in beating his wife when she refuses sex with him (%): Q4,SG.VAW.REFU.Q4.ZS,Philippines,PHL,..,..,..,..,..,1,..,..,..,1.2,..,..
Women who believe a husband is justified in beating his wife when she refuses sex with him (%): Q4,SG.VAW.REFU.Q4.ZS,Poland,POL,..,..,..,..,..,..,..,..,..,..,..,..
Women who believe a husband is justified in beating his wife when she refuses sex with him (%): Q4,SG.VAW.REFU.Q4.ZS,Portugal,PRT,..,..,..,..,..,..,..,..,..,..,..,..
Women who believe a husband is justified in beating his wife when she refuses sex with him (%): Q4,SG.VAW.REFU.Q4.ZS,Puerto Rico,PRI,..,..,..,..,..,..,..,..,..,..,..,..
Women who believe a husband is justified in beating his wife when she refuses sex with him (%): Q4,SG.VAW.REFU.Q4.ZS,Qatar,QAT,..,..,..,..,..,..,..,..,..,..,..,..
Women who believe a husband is justified in beating his wife when she refuses sex with him (%): Q4,SG.VAW.REFU.Q4.ZS,Romania,ROU,..,..,..,..,..,..,..,..,..,..,..,..
Women who believe a husband is justified in beating his wife when she refuses sex with him (%): Q4,SG.VAW.REFU.Q4.ZS,Russian Federation,RUS,..,..,..,..,..,..,..,..,..,..,..,..
Women who believe a husband is justified in beating his wife when she refuses sex with him (%): Q4,SG.VAW.REFU.Q4.ZS,Rwanda,RWA,..,33.4,35.3,..,..,..,..,23.4,..,..,..,..
Women who believe a husband is justified in beating his wife when she refuses sex with him (%): Q4,SG.VAW.REFU.Q4.ZS,Samoa,WSM,..,..,..,..,..,..,..,..,..,..,..,..
Women who believe a husband is justified in beating his wife when she refuses sex with him (%): Q4,SG.VAW.REFU.Q4.ZS,San Marino,SMR,..,..,..,..,..,..,..,..,..,..,..,..
Women who believe a husband is justified in beating his wife when she refuses sex with him (%): Q4,SG.VAW.REFU.Q4.ZS,Sao Tome and Principe,STP,..,..,..,..,..,..,..,..,..,..,..,..
Women who believe a husband is justified in beating his wife when she refuses sex with him (%): Q4,SG.VAW.REFU.Q4.ZS,Saudi Arabia,SAU,..,..,..,..,..,..,..,..,..,..,..,..
Women who believe a husband is justified in beating his wife when she refuses sex with him (%): Q4,SG.VAW.REFU.Q4.ZS,Senegal,SEN,..,..,..,37.8,..,39.6,32,35.2,29.1,23,..,..
Women who believe a husband is justified in beating his wife when she refuses sex with him (%): Q4,SG.VAW.REFU.Q4.ZS,Serbia,SRB,..,..,..,..,..,..,..,..,..,..,..,..
Women who believe a husband is justified in beating his wife when she refuses sex with him (%): Q4,SG.VAW.REFU.Q4.ZS,Seychelles,SYC,..,..,..,..,..,..,..,..,..,..,..,..
Women who believe a husband is justified in beating his wife when she refuses sex with him (%): Q4,SG.VAW.REFU.Q4.ZS,Sierra Leone,SLE,..,..,..,..,..,25,..,..,..,..,..,..
Women who believe a husband is justified in beating his wife when she refuses sex with him (%): Q4,SG.VAW.REFU.Q4.ZS,Singapore,SGP,..,..,..,..,..,..,..,..,..,..,..,..
Women who believe a husband is justified in beating his wife when she refuses sex with him (%): Q4,SG.VAW.REFU.Q4.ZS,Sint Maarten (Dutch part),SXM,..,..,..,..,..,..,..,..,..,..,..,..
Women who believe a husband is justified in beating his wife when she refuses sex with him (%): Q4,SG.VAW.REFU.Q4.ZS,Slovak Republic,SVK,..,..,..,..,..,..,..,..,..,..,..,..
Women who believe a husband is justified in beating his wife when she refuses sex with him (%): Q4,SG.VAW.REFU.Q4.ZS,Slovenia,SVN,..,..,..,..,..,..,..,..,..,..,..,..
Women who believe a husband is justified in beating his wife when she refuses sex with him (%): Q4,SG.VAW.REFU.Q4.ZS,Solomon Islands,SLB,..,..,..,..,..,..,..,..,..,..,..,..
Women who believe a husband is justified in beating his wife when she refuses sex with him (%): Q4,SG.VAW.REFU.Q4.ZS,Somalia,SOM,..,..,..,..,..,..,..,..,..,..,..,..
Women who believe a husband is justified in beating his wife when she refuses sex with him (%): Q4,SG.VAW.REFU.Q4.ZS,South Africa,ZAF,..,..,..,..,..,..,..,..,1.1,..,..,..
Women who believe a husband is justified in beating his wife when she refuses sex with him (%): Q4,SG.VAW.REFU.Q4.ZS,South Sudan,SSD,..,..,..,..,..,..,..,..,..,..,..,..
Women who believe a husband is justified in beating his wife when she refuses sex with him (%): Q4,SG.VAW.REFU.Q4.ZS,Spain,ESP,..,..,..,..,..,..,..,..,..,..,..,..
Women who believe a husband is justified in beating his wife when she refuses sex with him (%): Q4,SG.VAW.REFU.Q4.ZS,Sri Lanka,LKA,..,..,..,..,..,..,..,..,..,..,..,..
Women who believe a husband is justified in beating his wife when she refuses sex with him (%): Q4,SG.VAW.REFU.Q4.ZS,St. Kitts and Nevis,KNA,..,..,..,..,..,..,..,..,..,..,..,..
Women who believe a husband is justified in beating his wife when she refuses sex with him (%): Q4,SG.VAW.REFU.Q4.ZS,St. Lucia,LCA,..,..,..,..,..,..,..,..,..,..,..,..
Women who believe a husband is justified in beating his wife when she refuses sex with him (%): Q4,SG.VAW.REFU.Q4.ZS,St. Martin (French part),MAF,..,..,..,..,..,..,..,..,..,..,..,..
Women who believe a husband is justified in beating his wife when she refuses sex with him (%): Q4,SG.VAW.REFU.Q4.ZS,St. Vincent and the Grenadines,VCT,..,..,..,..,..,..,..,..,..,..,..,..
Women who believe a husband is justified in beating his wife when she refuses sex with him (%): Q4,SG.VAW.REFU.Q4.ZS,Sudan,SDN,..,..,..,..,..,..,..,..,..,..,..,..
Women who believe a husband is justified in beating his wife when she refuses sex with him (%): Q4,SG.VAW.REFU.Q4.ZS,Suriname,SUR,..,..,..,..,..,..,..,..,..,..,..,..
Women who believe a husband is justified in beating his wife when she refuses sex with him (%): Q4,SG.VAW.REFU.Q4.ZS,Sweden,SWE,..,..,..,..,..,..,..,..,..,..,..,..
Women who believe a husband is justified in beating his wife when she refuses sex with him (%): Q4,SG.VAW.REFU.Q4.ZS,Switzerland,CHE,..,..,..,..,..,..,..,..,..,..,..,..
Women who believe a husband is justified in beating his wife when she refuses sex with him (%): Q4,SG.VAW.REFU.Q4.ZS,Syrian Arab Republic,SYR,..,..,..,..,..,..,..,..,..,..,..,..
Women who believe a husband is justified in beating his wife when she refuses sex with him (%): Q4,SG.VAW.REFU.Q4.ZS,Tajikistan,TJK,..,..,..,..,24.2,..,..,..,..,28.4,..,..
Women who believe a husband is justified in beating his wife when she refuses sex with him (%): Q4,SG.VAW.REFU.Q4.ZS,Tanzania,TZA,..,..,29.5,..,..,..,..,..,27.1,..,..,..
Women who believe a husband is justified in beating his wife when she refuses sex with him (%): Q4,SG.VAW.REFU.Q4.ZS,Thailand,THA,..,..,..,..,..,..,..,..,..,..,..,..
Women who believe a husband is justified in beating his wife when she refuses sex with him (%): Q4,SG.VAW.REFU.Q4.ZS,Timor-Leste,TLS,..,..,30.6,..,..,..,..,..,33.2,..,..,..
Women who believe a husband is justified in beating his wife when she refuses sex with him (%): Q4,SG.VAW.REFU.Q4.ZS,Togo,TGO,..,..,..,..,..,..,6.4,..,..,..,..,..
Women who believe a husband is justified in beating his wife when she refuses sex with him (%): Q4,SG.VAW.REFU.Q4.ZS,Tonga,TON,..,..,..,..,..,..,..,..,..,..,..,..
Women who believe a husband is justified in beating his wife when she refuses sex with him (%): Q4,SG.VAW.REFU.Q4.ZS,Trinidad and Tobago,TTO,..,..,..,..,..,..,..,..,..,..,..,..
Women who believe a husband is justified in beating his wife when she refuses sex with him (%): Q4,SG.VAW.REFU.Q4.ZS,Tunisia,TUN,..,..,..,..,..,..,..,..,..,..,..,..
Women who believe a husband is justified in beating his wife when she refuses sex with him (%): Q4,SG.VAW.REFU.Q4.ZS,Turkey,TUR,..,..,..,..,..,1.4,..,..,..,..,..,..
Women who believe a husband is justified in beating his wife when she refuses sex with him (%): Q4,SG.VAW.REFU.Q4.ZS,Turkmenistan,TKM,..,24.2,..,..,..,..,..,..,..,..,..,..
Women who believe a husband is justified in beating his wife when she refuses sex with him (%): Q4,SG.VAW.REFU.Q4.ZS,Turks and Caicos Islands,TCA,..,..,..,..,..,..,..,..,..,..,..,..
Women who believe a husband is justified in beating his wife when she refuses sex with him (%): Q4,SG.VAW.REFU.Q4.ZS,Tuvalu,TUV,..,..,..,..,..,..,..,..,..,..,..,..
Women who believe a husband is justified in beating his wife when she refuses sex with him (%): Q4,SG.VAW.REFU.Q4.ZS,Uganda,UGA,..,..,..,24.3,..,..,..,..,15.6,..,..,..
Women who believe a husband is justified in beating his wife when she refuses sex with him (%): Q4,SG.VAW.REFU.Q4.ZS,Ukraine,UKR,..,..,..,..,..,..,..,..,..,..,..,..
Women who believe a husband is justified in beating his wife when she refuses sex with him (%): Q4,SG.VAW.REFU.Q4.ZS,United Arab Emirates,ARE,..,..,..,..,..,..,..,..,..,..,..,..
Women who believe a husband is justified in beating his wife when she refuses sex with him (%): Q4,SG.VAW.REFU.Q4.ZS,United Kingdom,GBR,..,..,..,..,..,..,..,..,..,..,..,..
Women who believe a husband is justified in beating his wife when she refuses sex with him (%): Q4,SG.VAW.REFU.Q4.ZS,United States,USA,..,..,..,..,..,..,..,..,..,..,..,..
Women who believe a husband is justified in beating his wife when she refuses sex with him (%): Q4,SG.VAW.REFU.Q4.ZS,Uruguay,URY,..,..,..,..,..,..,..,..,..,..,..,..
Women who believe a husband is justified in beating his wife when she refuses sex with him (%): Q4,SG.VAW.REFU.Q4.ZS,Uzbekistan,UZB,..,..,..,..,..,..,..,..,..,..,..,..
Women who believe a husband is justified in beating his wife when she refuses sex with him (%): Q4,SG.VAW.REFU.Q4.ZS,Vanuatu,VUT,..,..,..,..,..,..,..,..,..,..,..,..
Women who believe a husband is justified in beating his wife when she refuses sex with him (%): Q4,SG.VAW.REFU.Q4.ZS,"Venezuela, RB",VEN,..,..,..,..,..,..,..,..,..,..,..,..
Women who believe a husband is justified in beating his wife when she refuses sex with him (%): Q4,SG.VAW.REFU.Q4.ZS,Vietnam,VNM,..,..,..,..,..,..,..,..,..,..,..,..
Women who believe a husband is justified in beating his wife when she refuses sex with him (%): Q4,SG.VAW.REFU.Q4.ZS,Virgin Islands (U.S.),VIR,..,..,..,..,..,..,..,..,..,..,..,..
Women who believe a husband is justified in beating his wife when she refuses sex with him (%): Q4,SG.VAW.REFU.Q4.ZS,West Bank and Gaza,PSE,..,..,..,..,..,..,..,..,..,..,..,..
Women who believe a husband is justified in beating his wife when she refuses sex with him (%): Q4,SG.VAW.REFU.Q4.ZS,"Yemen, Rep.",YEM,..,..,..,..,..,29,..,..,..,..,..,..
Women who believe a husband is justified in beating his wife when she refuses sex with him (%): Q4,SG.VAW.REFU.Q4.ZS,Zambia,ZMB,..,..,..,..,..,..,20.6,..,..,..,..,..
Women who believe a husband is justified in beating his wife when she refuses sex with him (%): Q4,SG.VAW.REFU.Q4.ZS,Zimbabwe,ZWE,..,..,..,11.3,..,..,..,12.1,..,..,..,..
,,,,,,,,,,,,,,,
,,,,,,,,,,,,,,,
,,,,,,,,,,,,,,,
Data from database: Gender Statistics,,,,,,,,,,,,,,,
Last Updated: 04/09/2020,,,,,,,,,,,,,,,
