code,name,description,refreshed_at,from_date,to_date
1COINUSD,Bitcoin Markets (1coinUSD),Daily Bitcoin exchange rate (BTC vs. USD) on 1Coin. Updated daily at 6:00pm EST. Data is sourced from http://www.bitcoincharts.com . For other Bitcoin data and charts see our Bitcoin markets page (http://www.quandl.com/markets/bitcoin-data).,2016-01-14 23:01:25,2014-03-09,2015-04-04
ABUCOINSEUR,Bitcoin Markets (abucoinsEUR),This dataset has no description.,2018-06-28 23:17:51,2017-10-13,2018-05-30
ABUCOINSPLN,Bitcoin Markets (abucoinsPLN),This dataset has no description.,2018-06-28 23:17:51,2017-10-13,2018-05-30
ABUCOINSUSD,Bitcoin Markets (abucoinsUSD),This dataset has no description.,2018-06-27 23:08:26,2017-10-13,2018-05-29
ALLCOINUSD,Bitcoin Markets (allcoinUSD),This dataset has no description.,2018-01-07 23:04:54,2017-06-30,2017-12-09
ANXHKAUD,Bitcoin Markets (anxhkAUD),Daily Bitcoin exchange rate (BTC vs. AUD) on Anxhk. Updated daily at 6:00pm EST. Data is sourced from http://www.bitcoincharts.com . For other Bitcoin data and charts see our Bitcoin markets page (http://www.quandl.com/markets/bitcoin-data).,2017-04-20 23:02:17,2014-01-22,2015-10-10
ANXHKCAD,Bitcoin Markets (anxhkCAD),Daily Bitcoin exchange rate (BTC vs. CAD) on Anxhk. Updated daily at 6:00pm EST. Data is sourced from http://www.bitcoincharts.com . For other Bitcoin data and charts see our Bitcoin markets page (http://www.quandl.com/markets/bitcoin-data).,2017-04-20 23:02:17,2014-04-10,2015-10-10
ANXHKCHF,Bitcoin Markets (anxhkCHF),Daily Bitcoin exchange rate (BTC vs. CHF) on Anxhk. Updated daily at 6:00pm EST. Data is sourced from http://www.bitcoincharts.com . For other Bitcoin data and charts see our Bitcoin markets page (http://www.quandl.com/markets/bitcoin-data).,2016-01-14 23:01:25,2014-03-06,2015-02-16
ANXHKCNY,Bitcoin Markets (anxhkCNY),Daily Bitcoin exchange rate (BTC vs. CNY) on Anxhk. Updated daily at 6:00pm EST. Data is sourced from http://www.bitcoincharts.com . For other Bitcoin data and charts see our Bitcoin markets page (http://www.quandl.com/markets/bitcoin-data).,2017-04-20 23:02:18,2013-10-20,2015-10-10
ANXHKEUR,Bitcoin Markets (anxhkEUR),Daily Bitcoin exchange rate (BTC vs. EUR) on Anxhk. Updated daily at 6:00pm EST. Data is sourced from http://www.bitcoincharts.com . For other Bitcoin data and charts see our Bitcoin markets page (http://www.quandl.com/markets/bitcoin-data).,2017-04-20 23:02:17,2014-02-13,2015-10-10
ANXHKGBP,Bitcoin Markets (anxhkGBP),Daily Bitcoin exchange rate (BTC vs. GBP) on Anxhk. Updated daily at 6:00pm EST. Data is sourced from http://www.bitcoincharts.com . For other Bitcoin data and charts see our Bitcoin markets page (http://www.quandl.com/markets/bitcoin-data).,2017-04-20 23:02:17,2014-01-05,2015-10-10
ANXHKHKD,Bitcoin Markets (anxhkHKD),Daily Bitcoin exchange rate (BTC vs. HKD) on Anxhk. Updated daily at 6:00pm EST. Data is sourced from http://www.bitcoincharts.com . For other Bitcoin data and charts see our Bitcoin markets page (http://www.quandl.com/markets/bitcoin-data).,2017-04-20 23:02:18,2013-08-11,2015-10-10
ANXHKJPY,Bitcoin Markets (anxhkJPY),Daily Bitcoin exchange rate (BTC vs. JPY) on Anxhk. Updated daily at 6:00pm EST. Data is sourced from http://www.bitcoincharts.com . For other Bitcoin data and charts see our Bitcoin markets page (http://www.quandl.com/markets/bitcoin-data).,2017-04-20 23:02:17,2014-03-08,2015-10-10
ANXHKNZD,Bitcoin Markets (anxhkNZD),Daily Bitcoin exchange rate (BTC vs. NZD) on Anxhk. Updated daily at 6:00pm EST. Data is sourced from http://www.bitcoincharts.com . For other Bitcoin data and charts see our Bitcoin markets page (http://www.quandl.com/markets/bitcoin-data).,2017-04-20 23:02:18,2014-02-27,2015-10-13
ANXHKSGD,Bitcoin Markets (anxhkSGD),Daily Bitcoin exchange rate (BTC vs. SGD) on Anxhk. Updated daily at 6:00pm EST. Data is sourced from http://www.bitcoincharts.com . For other Bitcoin data and charts see our Bitcoin markets page (http://www.quandl.com/markets/bitcoin-data).,2017-04-20 23:02:17,2014-01-11,2015-10-10
ANXHKUSD,Bitcoin Markets (anxhkUSD),Daily Bitcoin exchange rate (BTC vs. USD) on Anxhk. Updated daily at 6:00pm EST. Data is sourced from http://www.bitcoincharts.com . For other Bitcoin data and charts see our Bitcoin markets page (http://www.quandl.com/markets/bitcoin-data).,2017-04-20 23:02:18,2013-08-20,2015-10-10
AQOINEUR,Bitcoin Markets (aqoinEUR),Daily Bitcoin exchange rate (BTC vs. EUR) on Aqoin. Updated daily at 6:00pm EST. Data is sourced from http://www.bitcoincharts.com . For other Bitcoin data and charts see our Bitcoin markets page (http://www.quandl.com/markets/bitcoin-data).,2016-01-14 23:01:26,2011-09-02,2011-11-17
B2CUSD,Bitcoin Markets (b2cUSD),Daily Bitcoin exchange rate (BTC vs. USD) on B2C. Updated daily at 6:00pm EST. Data is sourced from http://www.bitcoincharts.com . For other Bitcoin data and charts see our Bitcoin markets page (http://www.quandl.com/markets/bitcoin-data).,2016-01-14 23:01:25,2011-04-01,2012-01-21
B7EUR,Bitcoin Markets (b7EUR),Daily Bitcoin exchange rate (BTC vs. EUR) on B7. Updated daily at 6:00pm EST. Data is sourced from http://www.bitcoincharts.com . For other Bitcoin data and charts see our Bitcoin markets page (http://www.quandl.com/markets/bitcoin-data).,2016-01-14 23:01:25,2011-06-14,2011-10-05
B7USD,Bitcoin Markets (b7USD),Daily Bitcoin exchange rate (BTC vs. USD) on B7. Updated daily at 6:00pm EST. Data is sourced from http://www.bitcoincharts.com . For other Bitcoin data and charts see our Bitcoin markets page (http://www.quandl.com/markets/bitcoin-data).,2016-01-14 23:01:25,2011-06-14,2011-10-05
BBMBRL,Bitcoin Markets (bbmBRL),Daily Bitcoin exchange rate (BTC vs. BRL) on Bbm. Updated daily at 6:00pm EST. Data is sourced from http://www.bitcoincharts.com . For other Bitcoin data and charts see our Bitcoin markets page (http://www.quandl.com/markets/bitcoin-data).,2016-01-14 23:01:25,2011-09-10,2011-11-10
BCGBP,Bitcoin Markets (bcGBP),Daily Bitcoin exchange rate (BTC vs. GBP) on Bc. Updated daily at 6:00pm EST. Data is sourced from http://www.bitcoincharts.com . For other Bitcoin data and charts see our Bitcoin markets page (http://www.quandl.com/markets/bitcoin-data).,2016-01-14 23:01:26,2012-10-24,2013-04-24
BCMBMGAU,Bitcoin Markets (bcmBMGAU),Daily Bitcoin exchange rate (BTC vs. GAU) on Bcmbm. Updated daily at 6:00pm EST. Data is sourced from http://www.bitcoincharts.com . For other Bitcoin data and charts see our Bitcoin markets page (http://www.quandl.com/markets/bitcoin-data).,2016-01-14 23:01:25,2011-08-01,2011-08-01
BCMBMUSD,Bitcoin Markets (bcmBMUSD),Daily Bitcoin exchange rate (BTC vs. USD) on Bcmbm. Updated daily at 6:00pm EST. Data is sourced from http://www.bitcoincharts.com . For other Bitcoin data and charts see our Bitcoin markets page (http://www.quandl.com/markets/bitcoin-data).,2016-01-14 23:01:25,2011-02-04,2011-08-06
BCMLRUSD,Bitcoin Markets (bcmLRUSD),Daily Bitcoin exchange rate (BTC vs. USD) on Bcmlr. Updated daily at 6:00pm EST. Data is sourced from http://www.bitcoincharts.com . For other Bitcoin data and charts see our Bitcoin markets page (http://www.quandl.com/markets/bitcoin-data).,2016-01-14 23:01:25,2010-06-04,2011-08-03
BCMMBUSD,Bitcoin Markets (bcmMBUSD),Daily Bitcoin exchange rate (BTC vs. USD) on Bcmmb. Updated daily at 6:00pm EST. Data is sourced from http://www.bitcoincharts.com . For other Bitcoin data and charts see our Bitcoin markets page (http://www.quandl.com/markets/bitcoin-data).,2016-01-14 23:01:25,2011-05-21,2011-08-19
BCMPPUSD,Bitcoin Markets (bcmPPUSD),Daily Bitcoin exchange rate (BTC vs. USD) on Bcmpp. Updated daily at 6:00pm EST. Data is sourced from http://www.bitcoincharts.com . For other Bitcoin data and charts see our Bitcoin markets page (http://www.quandl.com/markets/bitcoin-data).,2016-01-14 23:01:26,2010-04-25,2011-06-05
BCMPXGAU,Bitcoin Markets (bcmPXGAU),Daily Bitcoin exchange rate (BTC vs. GAU) on Bcmpx. Updated daily at 6:00pm EST. Data is sourced from http://www.bitcoincharts.com . For other Bitcoin data and charts see our Bitcoin markets page (http://www.quandl.com/markets/bitcoin-data).,2016-01-14 23:01:25,2010-06-03,2011-08-15
BIDXTRMPLN,Bitcoin Markets (bidxtrmPLN),Daily Bitcoin exchange rate (BTC vs. PLN) on Bidxtrm. Updated daily at 6:00pm EST. Data is sourced from http://www.bitcoincharts.com . For other Bitcoin data and charts see our Bitcoin markets page (http://www.quandl.com/markets/bitcoin-data).,2016-01-14 23:01:25,2013-08-12,2013-11-18
BIT121GBP,Bitcoin Markets (bit121GBP),Daily Bitcoin exchange rate (BTC vs. GBP) on Bit121. Updated daily at 6:00pm EST. Data is sourced from http://www.bitcoincharts.com . For other Bitcoin data and charts see our Bitcoin markets page (http://www.quandl.com/markets/bitcoin-data).,2016-01-14 23:01:27,2013-10-26,2014-03-26
BIT2CILS,Bitcoin Markets (bit2cILS),Daily Bitcoin exchange rate (BTC vs. ILS) on Bit2C. Updated daily at 6:00pm EST. Data is sourced from http://www.bitcoincharts.com . For other Bitcoin data and charts see our Bitcoin markets page (http://www.quandl.com/markets/bitcoin-data).,2020-04-25 23:04:27,2013-03-15,2020-04-25
BITALOEUR,Bitcoin Markets (bitaloEUR),Daily Bitcoin exchange rate (BTC vs. EUR) on Bitalo. Updated daily at 6:00pm EST. Data is sourced from http://www.bitcoincharts.com . For other Bitcoin data and charts see our Bitcoin markets page (http://www.quandl.com/markets/bitcoin-data).,2016-01-14 23:01:26,2013-11-30,2015-01-29
BITALOGBP,Bitcoin Markets (bitaloGBP),Daily Bitcoin exchange rate (BTC vs. GBP) on Bitalo. Updated daily at 6:00pm EST. Data is sourced from http://www.bitcoincharts.com . For other Bitcoin data and charts see our Bitcoin markets page (http://www.quandl.com/markets/bitcoin-data).,2016-01-14 23:01:26,2013-12-25,2014-07-15
BITALOPLN,Bitcoin Markets (bitaloPLN),Daily Bitcoin exchange rate (BTC vs. PLN) on Bitalo. Updated daily at 6:00pm EST. Data is sourced from http://www.bitcoincharts.com . For other Bitcoin data and charts see our Bitcoin markets page (http://www.quandl.com/markets/bitcoin-data).,2016-01-14 23:01:26,2013-12-05,2014-03-21
BITALOUSD,Bitcoin Markets (bitaloUSD),Daily Bitcoin exchange rate (BTC vs. USD) on Bitalo. Updated daily at 6:00pm EST. Data is sourced from http://www.bitcoincharts.com . For other Bitcoin data and charts see our Bitcoin markets page (http://www.quandl.com/markets/bitcoin-data).,2016-01-14 23:01:26,2014-03-03,2014-08-05
BITBAYEUR,Bitcoin Markets (bitbayEUR),This dataset has no description.,2020-04-25 23:04:27,2015-03-17,2020-04-25
BITBAYPLN,Bitcoin Markets (bitbayPLN),Daily Bitcoin exchange rate (BTC vs. PLN) on Bitbay. Updated daily at 6:00pm EST. Data is sourced from http://www.bitcoincharts.com . For other Bitcoin data and charts see our Bitcoin markets page (http://www.quandl.com/markets/bitcoin-data).,2020-04-25 23:04:27,2014-03-29,2020-04-25
BITBAYUSD,Bitcoin Markets (bitbayUSD),Daily Bitcoin exchange rate (BTC vs. USD) on Bitbay. Updated daily at 6:00pm EST. Data is sourced from http://www.bitcoincharts.com . For other Bitcoin data and charts see our Bitcoin markets page (http://www.quandl.com/markets/bitcoin-data).,2020-04-25 23:04:27,2014-05-16,2020-04-25
BITBOXUSD,Bitcoin Markets (bitboxUSD),Daily Bitcoin exchange rate (BTC vs. USD) on Bitbox. Updated daily at 6:00pm EST. Data is sourced from http://www.bitcoincharts.com . For other Bitcoin data and charts see our Bitcoin markets page (http://www.quandl.com/markets/bitcoin-data).,2016-01-14 23:01:24,2013-05-07,2013-09-25
BITCASHCZK,Bitcoin Markets (bitcashCZK),Daily Bitcoin exchange rate (BTC vs. CZK) on Bitcash. Updated daily at 6:00pm EST. Data is sourced from http://www.bitcoincharts.com . For other Bitcoin data and charts see our Bitcoin markets page (http://www.quandl.com/markets/bitcoin-data).,2016-01-14 23:01:26,2013-07-29,2013-11-11
BITCHANGEPLN,Bitcoin Markets (bitchangePLN),Daily Bitcoin exchange rate (BTC vs. PLN) on Bitchange. Updated daily at 6:00pm EST. Data is sourced from http://www.bitcoincharts.com . For other Bitcoin data and charts see our Bitcoin markets page (http://www.quandl.com/markets/bitcoin-data).,2016-01-14 23:01:26,2011-08-06,2011-10-28
BITCUREXEUR,Bitcoin Markets (bitcurexEUR),Daily Bitcoin exchange rate (BTC vs. EUR) on Bitcurex. Updated daily at 6:00pm EST. Data is sourced from http://www.bitcoincharts.com . For other Bitcoin data and charts see our Bitcoin markets page (http://www.quandl.com/markets/bitcoin-data).,2017-04-20 23:02:19,2012-07-16,2016-10-14
BITCUREXPLN,Bitcoin Markets (bitcurexPLN),Daily Bitcoin exchange rate (BTC vs. PLN) on Bitcurex. Updated daily at 6:00pm EST. Data is sourced from http://www.bitcoincharts.com . For other Bitcoin data and charts see our Bitcoin markets page (http://www.quandl.com/markets/bitcoin-data).,2017-04-20 23:02:19,2012-07-24,2016-08-08
BITCUREXUSD,Bitcoin Markets (bitcurexUSD),This dataset has no description.,2017-04-20 23:02:20,2016-04-20,2016-10-14
BITFINEXUSD,Bitcoin Markets (bitfinexUSD),Daily Bitcoin exchange rate (BTC vs. USD) on Bitfinex. Updated daily at 6:00pm EST. Data is sourced from http://www.bitcoincharts.com . For other Bitcoin data and charts see our Bitcoin markets page (http://www.quandl.com/markets/bitcoin-data).,2017-05-11 15:07:09,2013-03-31,2016-12-22
BITFLOORUSD,Bitcoin Markets (bitfloorUSD),Daily Bitcoin exchange rate (BTC vs. USD) on Bitfloor. Updated daily at 6:00pm EST. Data is sourced from http://www.bitcoincharts.com . For other Bitcoin data and charts see our Bitcoin markets page (http://www.quandl.com/markets/bitcoin-data).,2016-01-14 23:01:25,2012-05-23,2013-04-17
BITFLYERJPY,Bitcoin Markets (bitflyerJPY),This dataset has no description.,2020-04-25 23:04:27,2017-07-04,2020-04-25
BITFLYERUSD,Bitcoin Markets (bitflyerUSD),This dataset has no description.,2020-04-25 23:04:27,2018-06-06,2020-04-25
BITKONANUSD,Bitcoin Markets (bitkonanUSD),Daily Bitcoin exchange rate (BTC vs. USD) on Bitkonan. Updated daily at 6:00pm EST. Data is sourced from http://www.bitcoincharts.com . For other Bitcoin data and charts see our Bitcoin markets page (http://www.quandl.com/markets/bitcoin-data).,2020-04-25 23:04:27,2013-07-02,2020-04-25
BITMARKETGBP,Bitcoin Markets (bitmarketGBP),Daily Bitcoin exchange rate (BTC vs. GBP) on Bitmarket. Updated daily at 6:00pm EST. Data is sourced from http://www.bitcoincharts.com . For other Bitcoin data and charts see our Bitcoin markets page (http://www.quandl.com/markets/bitcoin-data).,2016-01-14 23:01:26,2011-04-06,2011-09-02
BITMARKETPLPLN,Bitcoin Markets (bitmarketplPLN),Daily Bitcoin exchange rate (BTC vs. PLN) on Bitmarketpl. Updated daily at 6:00pm EST. Data is sourced from http://www.bitcoincharts.com . For other Bitcoin data and charts see our Bitcoin markets page (http://www.quandl.com/markets/bitcoin-data).,2017-04-20 23:02:19,2014-03-01,2017-04-20
BITMARKETRUB,Bitcoin Markets (bitmarketRUB),Daily Bitcoin exchange rate (BTC vs. RUB) on Bitmarket. Updated daily at 6:00pm EST. Data is sourced from http://www.bitcoincharts.com . For other Bitcoin data and charts see our Bitcoin markets page (http://www.quandl.com/markets/bitcoin-data).,2016-01-14 23:01:26,2011-06-22,2011-10-24
BITMARKETUSD,Bitcoin Markets (bitmarketUSD),Daily Bitcoin exchange rate (BTC vs. USD) on Bitmarket. Updated daily at 6:00pm EST. Data is sourced from http://www.bitcoincharts.com . For other Bitcoin data and charts see our Bitcoin markets page (http://www.quandl.com/markets/bitcoin-data).,2016-01-14 23:01:26,2011-05-18,2012-12-20
BITMASZYNAPLN,Bitcoin Markets (bitmaszynaPLN),This dataset has no description.,2020-04-25 23:04:27,2017-08-04,2020-04-07
BITMELTC,Bitcoin Markets (bitmeLTC),Daily Bitcoin exchange rate (BTC vs. LTC) on Bitme. Updated daily at 6:00pm EST. Data is sourced from http://www.bitcoincharts.com . For other Bitcoin data and charts see our Bitcoin markets page (http://www.quandl.com/markets/bitcoin-data).,2016-01-14 23:01:26,2013-10-31,2013-11-28
BITMEUSD,Bitcoin Markets (bitmeUSD),Daily Bitcoin exchange rate (BTC vs. USD) on Bitme. Updated daily at 6:00pm EST. Data is sourced from http://www.bitcoincharts.com . For other Bitcoin data and charts see our Bitcoin markets page (http://www.quandl.com/markets/bitcoin-data).,2016-01-14 23:01:25,2012-07-08,2013-03-28
BITNZNZD,Bitcoin Markets (bitnzNZD),Daily Bitcoin exchange rate (BTC vs. NZD) on Bitnz. Updated daily at 6:00pm EST. Data is sourced from http://www.bitcoincharts.com . For other Bitcoin data and charts see our Bitcoin markets page (http://www.quandl.com/markets/bitcoin-data).,2017-05-13 23:03:27,2011-09-12,2017-04-14
BITOMATPLN,Bitcoin Markets (bitomatPLN),Daily Bitcoin exchange rate (BTC vs. PLN) on Bitomat. Updated daily at 6:00pm EST. Data is sourced from http://www.bitcoincharts.com . For other Bitcoin data and charts see our Bitcoin markets page (http://www.quandl.com/markets/bitcoin-data).,2016-01-14 23:01:25,2011-04-01,2011-08-11
BITSTAMPEUR,Bitcoin Markets (bitstampEUR),This dataset has no description.,2020-04-25 23:04:27,2018-02-13,2020-04-25
BITSTAMPUSD,Bitcoin Markets (bitstampUSD),Daily Bitcoin exchange rate (BTC vs. USD) on Bitstamp. Updated daily at 6:00pm EST. Data is sourced from http://www.bitcoincharts.com . For other Bitcoin data and charts see our Bitcoin markets page (http://www.quandl.com/markets/bitcoin-data).,2020-04-25 23:04:27,2011-09-13,2020-04-25
BITSTOCKCZK,Bitcoin Markets (bitstockCZK),Daily Bitcoin exchange rate (BTC vs. CZK) on Bitstock. Updated daily at 6:00pm EST. Data is sourced from http://www.bitcoincharts.com . For other Bitcoin data and charts see our Bitcoin markets page (http://www.quandl.com/markets/bitcoin-data).,2019-05-16 23:20:25,2013-12-23,2019-04-17
BITXIDR,Bitcoin Markets (bitxIDR),This dataset has no description.,2020-04-25 23:04:27,2017-04-19,2020-04-25
BITXMYR,Bitcoin Markets (bitxMYR),This dataset has no description.,2020-04-25 23:04:27,2017-04-19,2020-04-25
BITXNGN,Bitcoin Markets (bitxNGN),This dataset has no description.,2020-04-25 23:04:27,2017-04-19,2020-04-25
BITXZAR,Bitcoin Markets (bitxZAR),Daily Bitcoin exchange rate (BTC vs. ZAR) on Bitx. Updated daily at 6:00pm EST. Data is sourced from http://www.bitcoincharts.com . For other Bitcoin data and charts see our Bitcoin markets page (http://www.quandl.com/markets/bitcoin-data).,2020-04-25 23:04:27,2013-09-08,2020-04-25
BRITCOINGBP,Bitcoin Markets (britcoinGBP),Daily Bitcoin exchange rate (BTC vs. GBP) on Britcoin. Updated daily at 6:00pm EST. Data is sourced from http://www.bitcoincharts.com . For other Bitcoin data and charts see our Bitcoin markets page (http://www.quandl.com/markets/bitcoin-data).,2016-01-14 23:01:25,2011-03-30,2011-09-19
BTC24EUR,Bitcoin Markets (btc24EUR),Daily Bitcoin exchange rate (BTC vs. EUR) on Btc24. Updated daily at 6:00pm EST. Data is sourced from http://www.bitcoincharts.com . For other Bitcoin data and charts see our Bitcoin markets page (http://www.quandl.com/markets/bitcoin-data).,2016-01-14 23:01:25,2012-05-09,2014-09-04
BTC24USD,Bitcoin Markets (btc24USD),Daily Bitcoin exchange rate (BTC vs. USD) on Btc24. Updated daily at 6:00pm EST. Data is sourced from http://www.bitcoincharts.com . For other Bitcoin data and charts see our Bitcoin markets page (http://www.quandl.com/markets/bitcoin-data).,2016-01-14 23:01:25,2012-05-14,2013-04-13
BTC2UBRL,Bitcoin Markets (btc2uBRL),This dataset has no description.,2016-01-14 23:01:25,2013-10-21,2015-02-02
BTCALPHAUSD,Bitcoin Markets (btcalphaUSD),This dataset has no description.,2019-09-20 23:04:26,2017-04-09,2019-08-22
BTCBOXJPY,Bitcoin Markets (btcboxJPY),This dataset has no description.,2020-04-25 23:04:27,2017-07-05,2020-04-25
BTCCUSD,Bitcoin Markets (btccUSD),This dataset has no description.,2018-07-10 23:08:36,2017-04-12,2018-06-11
BTCDEEUR,Bitcoin Markets (btcdeEUR),Daily Bitcoin exchange rate (BTC vs. EUR) on Btcde. Updated daily at 6:00pm EST. Data is sourced from http://www.bitcoincharts.com . For other Bitcoin data and charts see our Bitcoin markets page (http://www.quandl.com/markets/bitcoin-data).,2019-09-26 23:04:32,2011-08-26,2019-08-28
BTCEEUR,Bitcoin Markets (btceEUR),Daily Bitcoin exchange rate (BTC vs. EUR) on Btce. Updated daily at 6:00pm EST. Data is sourced from http://www.bitcoincharts.com . For other Bitcoin data and charts see our Bitcoin markets page (http://www.quandl.com/markets/bitcoin-data).,2017-08-23 23:04:04,2012-11-02,2017-07-25
BTCERUR,Bitcoin Markets (btceRUR),Daily Bitcoin exchange rate (BTC vs. RUR) on Btce. Updated daily at 6:00pm EST. Data is sourced from http://www.bitcoincharts.com . For other Bitcoin data and charts see our Bitcoin markets page (http://www.quandl.com/markets/bitcoin-data).,2017-08-23 23:04:04,2012-08-17,2017-07-25
BTCEUREUR,Bitcoin Markets (btceurEUR),Daily Bitcoin exchange rate (BTC vs. EUR) on Btceur. Updated daily at 6:00pm EST. Data is sourced from http://www.bitcoincharts.com . For other Bitcoin data and charts see our Bitcoin markets page (http://www.quandl.com/markets/bitcoin-data).,2016-01-14 23:01:27,2014-01-04,2014-09-18
BTCEUSD,Bitcoin Markets (btceUSD),Daily Bitcoin exchange rate (BTC vs. USD) on Btce. Updated daily at 6:00pm EST. Data is sourced from http://www.bitcoincharts.com . For other Bitcoin data and charts see our Bitcoin markets page (http://www.quandl.com/markets/bitcoin-data).,2017-08-23 23:04:04,2011-08-14,2017-07-25
BTCEXEUR,Bitcoin Markets (btcexEUR),Daily Bitcoin exchange rate (BTC vs. EUR) on Btcex. Updated daily at 6:00pm EST. Data is sourced from http://www.bitcoincharts.com . For other Bitcoin data and charts see our Bitcoin markets page (http://www.quandl.com/markets/bitcoin-data).,2016-01-14 23:01:25,2011-01-18,2011-05-11
BTCEXJPY,Bitcoin Markets (btcexJPY),Daily Bitcoin exchange rate (BTC vs. JPY) on Btcex. Updated daily at 6:00pm EST. Data is sourced from http://www.bitcoincharts.com . For other Bitcoin data and charts see our Bitcoin markets page (http://www.quandl.com/markets/bitcoin-data).,2016-01-14 23:01:25,2010-12-01,2011-03-05
BTCEXRUB,Bitcoin Markets (btcexRUB),Daily Bitcoin exchange rate (BTC vs. RUB) on Btcex. Updated daily at 6:00pm EST. Data is sourced from http://www.bitcoincharts.com . For other Bitcoin data and charts see our Bitcoin markets page (http://www.quandl.com/markets/bitcoin-data).,2016-01-14 23:01:25,2010-09-14,2011-05-12
BTCEXUSD,Bitcoin Markets (btcexUSD),Daily Bitcoin exchange rate (BTC vs. USD) on Btcex. Updated daily at 6:00pm EST. Data is sourced from http://www.bitcoincharts.com . For other Bitcoin data and charts see our Bitcoin markets page (http://www.quandl.com/markets/bitcoin-data).,2016-01-14 23:01:25,2011-02-04,2012-07-22
BTCEXWMR,Bitcoin Markets (btcexWMR),Daily Bitcoin exchange rate (BTC vs. WMR) on Btcex. Updated daily at 6:00pm EST. Data is sourced from http://www.bitcoincharts.com . For other Bitcoin data and charts see our Bitcoin markets page (http://www.quandl.com/markets/bitcoin-data).,2016-01-14 23:01:25,2010-11-12,2011-05-22
BTCEXWMZ,Bitcoin Markets (btcexWMZ),Daily Bitcoin exchange rate (BTC vs. WMZ) on Btcex. Updated daily at 6:00pm EST. Data is sourced from http://www.bitcoincharts.com . For other Bitcoin data and charts see our Bitcoin markets page (http://www.quandl.com/markets/bitcoin-data).,2016-01-14 23:01:25,2010-12-23,2011-05-11
BTCEXYAD,Bitcoin Markets (btcexYAD),Daily Bitcoin exchange rate (BTC vs. YAD) on Btcex. Updated daily at 6:00pm EST. Data is sourced from http://www.bitcoincharts.com . For other Bitcoin data and charts see our Bitcoin markets page (http://www.quandl.com/markets/bitcoin-data).,2016-01-14 23:01:25,2010-12-13,2011-05-12
BTCHKEXHKD,Bitcoin Markets (btchkexHKD),Daily Bitcoin exchange rate (BTC vs. HKD) on Btchkex. Updated daily at 6:00pm EST. Data is sourced from http://www.bitcoincharts.com . For other Bitcoin data and charts see our Bitcoin markets page (http://www.quandl.com/markets/bitcoin-data).,2016-01-14 23:01:25,2013-06-01,2013-07-10
BTCMARKETSAUD,Bitcoin Markets (btcmarketsAUD),Daily Bitcoin exchange rate (BTC vs. AUD) on Btcmarkets. Updated daily at 6:00pm EST. Data is sourced from http://www.bitcoincharts.com . For other Bitcoin data and charts see our Bitcoin markets page (http://www.quandl.com/markets/bitcoin-data).,2020-04-25 23:04:27,2013-08-30,2020-04-25
BTCNCNY,Bitcoin Markets (btcnCNY),Daily Bitcoin exchange rate (BTC vs. CNY) on Btcn. Updated daily at 6:00pm EST. Data is sourced from http://www.bitcoincharts.com . For other Bitcoin data and charts see our Bitcoin markets page (http://www.quandl.com/markets/bitcoin-data).,2017-10-29 23:03:37,2011-06-13,2017-09-30
BTCOIDIDR,Bitcoin Markets (btcoidIDR),Daily Bitcoin exchange rate (BTC vs. IDR) on Btcoid. Updated daily at 6:00pm EST. Data is sourced from http://www.bitcoincharts.com . For other Bitcoin data and charts see our Bitcoin markets page (http://www.quandl.com/markets/bitcoin-data).,2020-04-25 23:04:27,2014-02-09,2020-04-25
BTCTRADECNY,Bitcoin Markets (btctradeCNY),This dataset has no description.,2017-10-29 23:03:38,2017-07-23,2017-09-30
BTCTREEUSD,Bitcoin Markets (btctreeUSD),Daily Bitcoin exchange rate (BTC vs. USD) on Btctree. Updated daily at 6:00pm EST. Data is sourced from http://www.bitcoincharts.com . For other Bitcoin data and charts see our Bitcoin markets page (http://www.quandl.com/markets/bitcoin-data).,2016-01-14 23:01:25,2012-05-02,2012-07-11
BTCXCHANGERON,Bitcoin Markets (btcxchangeRON),Daily Bitcoin exchange rate (BTC vs. RON) on Btcxchange. Updated daily at 6:00pm EST. Data is sourced from http://www.bitcoincharts.com . For other Bitcoin data and charts see our Bitcoin markets page (http://www.quandl.com/markets/bitcoin-data).,2016-01-14 23:01:25,2013-12-17,2015-02-23
CBXUSD,Bitcoin Markets (cbxUSD),Daily Bitcoin exchange rate (BTC vs. USD) on Cbx. Updated daily at 6:00pm EST. Data is sourced from http://www.bitcoincharts.com . For other Bitcoin data and charts see our Bitcoin markets page (http://www.quandl.com/markets/bitcoin-data).,2017-05-15 23:04:46,2011-07-05,2017-04-16
CEXEUR,Bitcoin Markets (cexEUR),This dataset has no description.,2020-04-25 23:04:27,2017-05-25,2020-04-25
CEXRUB,Bitcoin Markets (cexRUB),This dataset has no description.,2020-04-25 23:04:27,2017-05-25,2020-04-25
CEXUSD,Bitcoin Markets (cexUSD),This dataset has no description.,2020-04-25 23:04:27,2017-05-27,2020-04-25
CHBTCCNY,Bitcoin Markets (chbtcCNY),This dataset has no description.,2017-10-29 23:03:38,2017-06-30,2017-09-30
CHILEBITCLP,Bitcoin Markets (chilebitCLP),This dataset has no description.,2020-01-26 00:08:13,2017-06-05,2019-12-28
COINBASECAD,Bitcoin Markets (coinbaseCAD),This dataset has no description.,2017-04-20 23:02:20,2015-08-31,2016-07-29
COINBASEEUR,Bitcoin Markets (coinbaseEUR),This dataset has no description.,2019-02-05 00:18:31,2015-05-11,2019-01-07
COINBASEGBP,Bitcoin Markets (coinbaseGBP),This dataset has no description.,2019-02-05 00:18:31,2015-05-11,2019-01-07
COINBASEUSD,Bitcoin Markets (coinbaseUSD),This dataset has no description.,2019-02-05 00:18:31,2015-02-04,2019-01-07
COINCHECKJPY,Bitcoin Markets (coincheckJPY),This dataset has no description.,2020-04-25 23:04:27,2015-05-11,2020-04-25
COINFALCONEUR,Bitcoin Markets (coinfalconEUR),This dataset has no description.,2020-04-25 23:04:27,2017-10-13,2020-04-25
COINFLOOREUR,Bitcoin Markets (coinfloorEUR),This dataset has no description.,2020-01-31 00:21:15,2019-01-07,2020-01-02
COINFLOORGBP,Bitcoin Markets (coinfloorGBP),Daily Bitcoin exchange rate (BTC vs. GBP) on Coinfloor. Updated daily at 6:00pm EST. Data is sourced from http://www.bitcoincharts.com . For other Bitcoin data and charts see our Bitcoin markets page (http://www.quandl.com/markets/bitcoin-data).,2020-04-25 23:04:27,2014-03-29,2020-04-25
COINSBANKEUR,Bitcoin Markets (coinsbankEUR),This dataset has no description.,2020-04-25 23:04:27,2017-07-03,2020-04-25
COINSBANKGBP,Bitcoin Markets (coinsbankGBP),This dataset has no description.,2020-04-25 23:04:27,2017-07-03,2020-04-25
COINSBANKRUB,Bitcoin Markets (coinsbankRUB),This dataset has no description.,2018-06-07 23:18:44,2017-06-29,2018-06-07
COINSBANKUSD,Bitcoin Markets (coinsbankUSD),This dataset has no description.,2020-04-25 23:04:27,2017-07-03,2020-04-25
COINSBITIOUSD,Bitcoin Markets (coinsbitioUSD),This dataset has no description.,2020-01-29 00:04:59,2018-09-06,2019-12-31
COTRUSD,Bitcoin Markets (cotrUSD),Daily Bitcoin exchange rate (BTC vs. USD) on Cotr. Updated daily at 6:00pm EST. Data is sourced from http://www.bitcoincharts.com . For other Bitcoin data and charts see our Bitcoin markets page (http://www.quandl.com/markets/bitcoin-data).,2017-04-20 23:02:20,2013-12-21,2016-01-31
CRYPTONITEUR,Bitcoin Markets (cryptonitEUR),This dataset has no description.,2019-06-13 23:21:31,2018-06-26,2019-05-15
CRYPTOXAUD,Bitcoin Markets (cryptoxAUD),Daily Bitcoin exchange rate (BTC vs. AUD) on Cryptox. Updated daily at 6:00pm EST. Data is sourced from http://www.bitcoincharts.com . For other Bitcoin data and charts see our Bitcoin markets page (http://www.quandl.com/markets/bitcoin-data).,2016-01-14 23:01:25,2011-11-15,2012-11-19
CRYPTOXUSD,Bitcoin Markets (cryptoxUSD),Daily Bitcoin exchange rate (BTC vs. USD) on Cryptox. Updated daily at 6:00pm EST. Data is sourced from http://www.bitcoincharts.com . For other Bitcoin data and charts see our Bitcoin markets page (http://www.quandl.com/markets/bitcoin-data).,2016-01-14 23:01:25,2011-11-10,2012-11-19
CRYTREUR,Bitcoin Markets (crytrEUR),Daily Bitcoin exchange rate (BTC vs. EUR) on Crytr. Updated daily at 6:00pm EST. Data is sourced from http://www.bitcoincharts.com . For other Bitcoin data and charts see our Bitcoin markets page (http://www.quandl.com/markets/bitcoin-data).,2016-01-14 23:01:26,2013-06-08,2014-07-15
CRYTRUSD,Bitcoin Markets (crytrUSD),Daily Bitcoin exchange rate (BTC vs. USD) on Crytr. Updated daily at 6:00pm EST. Data is sourced from http://www.bitcoincharts.com . For other Bitcoin data and charts see our Bitcoin markets page (http://www.quandl.com/markets/bitcoin-data).,2016-01-14 23:01:27,2013-05-27,2014-07-16
EXCHBUSD,Bitcoin Markets (exchbUSD),Daily Bitcoin exchange rate (BTC vs. USD) on Exchb. Updated daily at 6:00pm EST. Data is sourced from http://www.bitcoincharts.com . For other Bitcoin data and charts see our Bitcoin markets page (http://www.quandl.com/markets/bitcoin-data).,2016-01-14 23:01:25,2011-06-15,2011-10-16
EXMOEUR,Bitcoin Markets (exmoEUR),This dataset has no description.,2017-04-20 23:02:20,2016-04-19,2016-12-14
EXMORUB,Bitcoin Markets (exmoRUB),This dataset has no description.,2017-04-20 23:02:20,2016-04-20,2016-12-14
EXMOUSD,Bitcoin Markets (exmoUSD),This dataset has no description.,2017-04-20 23:02:20,2016-04-14,2016-12-14
FBTCEUR,Bitcoin Markets (fbtcEUR),Daily Bitcoin exchange rate (BTC vs. EUR) on Fbtc. Updated daily at 6:00pm EST. Data is sourced from http://www.bitcoincharts.com . For other Bitcoin data and charts see our Bitcoin markets page (http://www.quandl.com/markets/bitcoin-data).,2016-01-14 23:01:25,2013-06-23,2013-10-21
FBTCUSD,Bitcoin Markets (fbtcUSD),Daily Bitcoin exchange rate (BTC vs. USD) on Fbtc. Updated daily at 6:00pm EST. Data is sourced from http://www.bitcoincharts.com . For other Bitcoin data and charts see our Bitcoin markets page (http://www.quandl.com/markets/bitcoin-data).,2016-01-14 23:01:25,2013-06-25,2013-10-20
FISCOJPY,Bitcoin Markets (fiscoJPY),This dataset has no description.,2020-03-06 00:04:47,2017-10-18,2020-02-06
FLUCTOPLN,Bitcoin Markets (fluctoPLN),This dataset has no description.,2017-12-04 00:04:05,2017-04-09,2017-11-05
FOXBITBRL,Bitcoin Markets (foxbitBRL),This dataset has no description.,2018-07-29 23:04:17,2017-04-09,2018-06-30
FRESHPLN,Bitcoin Markets (freshPLN),Daily Bitcoin exchange rate (BTC vs. PLN) on Fresh. Updated daily at 6:00pm EST. Data is sourced from http://www.bitcoincharts.com . For other Bitcoin data and charts see our Bitcoin markets page (http://www.quandl.com/markets/bitcoin-data).,2016-01-14 23:01:25,2011-08-11,2011-09-03
FYBSESEK,Bitcoin Markets (fybseSEK),Daily Bitcoin exchange rate (BTC vs. SEK) on Fybse. Updated daily at 6:00pm EST. Data is sourced from http://www.bitcoincharts.com . For other Bitcoin data and charts see our Bitcoin markets page (http://www.quandl.com/markets/bitcoin-data).,2020-04-25 23:04:27,2013-07-15,2020-04-23
FYBSGSGD,Bitcoin Markets (fybsgSGD),Daily Bitcoin exchange rate (BTC vs. SGD) on Fybsg. Updated daily at 6:00pm EST. Data is sourced from http://www.bitcoincharts.com . For other Bitcoin data and charts see our Bitcoin markets page (http://www.quandl.com/markets/bitcoin-data).,2019-02-12 00:19:35,2013-01-07,2019-01-14
GETBTCUSD,Bitcoin Markets (getbtcUSD),This dataset has no description.,2019-03-26 23:24:37,2017-06-25,2019-02-25
GLOBALEUR,Bitcoin Markets (globalEUR),Daily Bitcoin exchange rate (BTC vs. EUR) on Global. Updated daily at 6:00pm EST. Data is sourced from http://www.bitcoincharts.com . For other Bitcoin data and charts see our Bitcoin markets page (http://www.quandl.com/markets/bitcoin-data).,2016-01-14 23:01:25,2011-09-26,2011-10-05
GLOBALGBP,Bitcoin Markets (globalGBP),Daily Bitcoin exchange rate (BTC vs. GBP) on Global. Updated daily at 6:00pm EST. Data is sourced from http://www.bitcoincharts.com . For other Bitcoin data and charts see our Bitcoin markets page (http://www.quandl.com/markets/bitcoin-data).,2016-01-14 23:01:25,2011-09-26,2011-11-02
GLOBALPLN,Bitcoin Markets (globalPLN),Daily Bitcoin exchange rate (BTC vs. PLN) on Global. Updated daily at 6:00pm EST. Data is sourced from http://www.bitcoincharts.com . For other Bitcoin data and charts see our Bitcoin markets page (http://www.quandl.com/markets/bitcoin-data).,2016-01-14 23:01:25,2011-09-26,2012-01-01
GLOBALUSD,Bitcoin Markets (globalUSD),Daily Bitcoin exchange rate (BTC vs. USD) on Global. Updated daily at 6:00pm EST. Data is sourced from http://www.bitcoincharts.com . For other Bitcoin data and charts see our Bitcoin markets page (http://www.quandl.com/markets/bitcoin-data).,2016-01-14 23:01:25,2011-09-26,2011-10-07
HITBTCEUR,Bitcoin Markets (hitbtcEUR),Daily Bitcoin exchange rate (BTC vs. EUR) on Hitbtc. Updated daily at 6:00pm EST. Data is sourced from http://www.bitcoincharts.com . For other Bitcoin data and charts see our Bitcoin markets page (http://www.quandl.com/markets/bitcoin-data).,2017-12-06 00:09:07,2014-01-07,2017-11-07
HITBTCUSD,Bitcoin Markets (hitbtcUSD),Daily Bitcoin exchange rate (BTC vs. USD) on Hitbtc. Updated daily at 6:00pm EST. Data is sourced from http://www.bitcoincharts.com . For other Bitcoin data and charts see our Bitcoin markets page (http://www.quandl.com/markets/bitcoin-data).,2017-12-16 00:20:01,2013-12-27,2017-11-17
IBWTEUR,Bitcoin Markets (ibwtEUR),This dataset has no description.,2017-04-20 23:02:17,2014-10-20,2015-08-30
IBWTGBP,Bitcoin Markets (ibwtGBP),Daily Bitcoin exchange rate (BTC vs. GBP) on Ibwt. Updated daily at 6:00pm EST. Data is sourced from http://www.bitcoincharts.com . For other Bitcoin data and charts see our Bitcoin markets page (http://www.quandl.com/markets/bitcoin-data).,2017-04-20 23:02:17,2014-05-23,2016-01-05
IBWTLTC,Bitcoin Markets (ibwtLTC),This dataset has no description.,2017-04-20 23:02:17,2014-07-07,2015-08-30
IBWTUSD,Bitcoin Markets (ibwtUSD),This dataset has no description.,2017-04-20 23:02:17,2014-09-28,2015-11-04
ICBITUSD,Bitcoin Markets (icbitUSD),This dataset has no description.,2014-05-03 22:00:26,2012-03-18,2014-05-03
IMCEXEUR,Bitcoin Markets (imcexEUR),Daily Bitcoin exchange rate (BTC vs. EUR) on Imcex. Updated daily at 6:00pm EST. Data is sourced from http://www.bitcoincharts.com . For other Bitcoin data and charts see our Bitcoin markets page (http://www.quandl.com/markets/bitcoin-data).,2016-01-14 23:01:25,2011-07-09,2012-09-21
IMCEXUSD,Bitcoin Markets (imcexUSD),Daily Bitcoin exchange rate (BTC vs. USD) on Imcex. Updated daily at 6:00pm EST. Data is sourced from http://www.bitcoincharts.com . For other Bitcoin data and charts see our Bitcoin markets page (http://www.quandl.com/markets/bitcoin-data).,2016-01-14 23:01:25,2011-07-17,2012-10-14
INDACOINUSD,Bitcoin Markets (indacoinUSD),This dataset has no description.,2017-11-25 00:08:24,2017-07-17,2017-10-27
INTRSNGEUR,Bitcoin Markets (intrsngEUR),Daily Bitcoin exchange rate (BTC vs. EUR) on Intrsng. Updated daily at 6:00pm EST. Data is sourced from http://www.bitcoincharts.com . For other Bitcoin data and charts see our Bitcoin markets page (http://www.quandl.com/markets/bitcoin-data).,2016-01-14 23:01:26,2011-07-14,2014-03-03
INTRSNGGBP,Bitcoin Markets (intrsngGBP),Daily Bitcoin exchange rate (BTC vs. GBP) on Intrsng. Updated daily at 6:00pm EST. Data is sourced from http://www.bitcoincharts.com . For other Bitcoin data and charts see our Bitcoin markets page (http://www.quandl.com/markets/bitcoin-data).,2016-01-14 23:01:26,2011-09-16,2014-03-04
INTRSNGPLN,Bitcoin Markets (intrsngPLN),Daily Bitcoin exchange rate (BTC vs. PLN) on Intrsng. Updated daily at 6:00pm EST. Data is sourced from http://www.bitcoincharts.com . For other Bitcoin data and charts see our Bitcoin markets page (http://www.quandl.com/markets/bitcoin-data).,2016-01-14 23:01:26,2011-10-26,2013-06-19
INTRSNGUSD,Bitcoin Markets (intrsngUSD),Daily Bitcoin exchange rate (BTC vs. USD) on Intrsng. Updated daily at 6:00pm EST. Data is sourced from http://www.bitcoincharts.com . For other Bitcoin data and charts see our Bitcoin markets page (http://www.quandl.com/markets/bitcoin-data).,2016-01-14 23:01:26,2011-07-21,2012-10-20
ITBITEUR,Bitcoin Markets (itbitEUR),Daily Bitcoin exchange rate (BTC vs. EUR) on Itbit. Updated daily at 6:00pm EST. Data is sourced from http://www.bitcoincharts.com . For other Bitcoin data and charts see our Bitcoin markets page (http://www.quandl.com/markets/bitcoin-data).,2019-02-23 00:30:50,2013-11-17,2019-01-25
ITBITSGD,Bitcoin Markets (itbitSGD),Daily Bitcoin exchange rate (BTC vs. SGD) on Itbit. Updated daily at 6:00pm EST. Data is sourced from http://www.bitcoincharts.com . For other Bitcoin data and charts see our Bitcoin markets page (http://www.quandl.com/markets/bitcoin-data).,2019-02-21 00:24:54,2013-11-18,2019-01-23
ITBITUSD,Bitcoin Markets (itbitUSD),Daily Bitcoin exchange rate (BTC vs. USD) on Itbit. Updated daily at 6:00pm EST. Data is sourced from http://www.bitcoincharts.com . For other Bitcoin data and charts see our Bitcoin markets page (http://www.quandl.com/markets/bitcoin-data).,2019-02-23 00:30:50,2013-08-25,2019-01-25
JUBICNY,Bitcoin Markets (jubiCNY),This dataset has no description.,2017-10-29 23:03:38,2017-06-02,2017-09-30
JUSTEUR,Bitcoin Markets (justEUR),Daily Bitcoin exchange rate (BTC vs. EUR) on Just. Updated daily at 6:00pm EST. Data is sourced from http://www.bitcoincharts.com . For other Bitcoin data and charts see our Bitcoin markets page (http://www.quandl.com/markets/bitcoin-data).,2016-01-14 23:01:26,2013-08-14,2014-10-29
JUSTLTC,Bitcoin Markets (justLTC),Daily Bitcoin exchange rate (BTC vs. LTC) on Just. Updated daily at 6:00pm EST. Data is sourced from http://www.bitcoincharts.com . For other Bitcoin data and charts see our Bitcoin markets page (http://www.quandl.com/markets/bitcoin-data).,2016-01-14 23:01:26,2013-04-29,2014-10-29
JUSTNOK,Bitcoin Markets (justNOK),Daily Bitcoin exchange rate (BTC vs. NOK) on Just. Updated daily at 6:00pm EST. Data is sourced from http://www.bitcoincharts.com . For other Bitcoin data and charts see our Bitcoin markets page (http://www.quandl.com/markets/bitcoin-data).,2016-01-14 23:01:26,2013-06-06,2014-10-29
JUSTUSD,Bitcoin Markets (justUSD),Daily Bitcoin exchange rate (BTC vs. USD) on Just. Updated daily at 6:00pm EST. Data is sourced from http://www.bitcoincharts.com . For other Bitcoin data and charts see our Bitcoin markets page (http://www.quandl.com/markets/bitcoin-data).,2016-01-14 23:01:26,2013-10-25,2014-10-29
JUSTXRP,Bitcoin Markets (justXRP),Daily Bitcoin exchange rate (BTC vs. XRP) on Just. Updated daily at 6:00pm EST. Data is sourced from http://www.bitcoincharts.com . For other Bitcoin data and charts see our Bitcoin markets page (http://www.quandl.com/markets/bitcoin-data).,2016-01-14 23:01:24,2013-04-19,2014-10-29
KORBITKRW,Bitcoin Markets (korbitKRW),Daily Bitcoin exchange rate (BTC vs. KRW) on Korbit. Updated daily at 6:00pm EST. Data is sourced from http://www.bitcoincharts.com . For other Bitcoin data and charts see our Bitcoin markets page (http://www.quandl.com/markets/bitcoin-data).,2020-04-14 23:04:28,2013-09-03,2020-03-16
KPTNSEK,Bitcoin Markets (kptnSEK),Daily Bitcoin exchange rate (BTC vs. SEK) on Kptn. Updated daily at 6:00pm EST. Data is sourced from http://www.bitcoincharts.com . For other Bitcoin data and charts see our Bitcoin markets page (http://www.quandl.com/markets/bitcoin-data).,2016-01-14 23:01:26,2012-04-19,2014-08-09
KRAKENCAD,Bitcoin Markets (krakenCAD),This dataset has no description.,2020-04-25 23:04:27,2016-03-09,2020-04-25
KRAKENEUR,Bitcoin Markets (krakenEUR),Daily Bitcoin exchange rate (BTC vs. EUR) on Kraken. Updated daily at 6:00pm EST. Data is sourced from http://www.bitcoincharts.com . For other Bitcoin data and charts see our Bitcoin markets page (http://www.quandl.com/markets/bitcoin-data).,2020-04-25 23:04:27,2014-01-08,2020-04-25
KRAKENGBP,Bitcoin Markets (krakenGBP),This dataset has no description.,2017-09-20 23:03:53,2017-06-11,2017-08-22
KRAKENJPY,Bitcoin Markets (krakenJPY),This dataset has no description.,2020-04-25 23:04:27,2017-06-11,2020-04-25
KRAKENKRW,Bitcoin Markets (krakenKRW),Daily Bitcoin exchange rate (BTC vs. KRW) on Kraken. Updated daily at 6:00pm EST. Data is sourced from http://www.bitcoincharts.com . For other Bitcoin data and charts see our Bitcoin markets page (http://www.quandl.com/markets/bitcoin-data).,2016-01-14 23:01:26,2013-12-07,2014-08-30
KRAKENLTC,Bitcoin Markets (krakenLTC),Daily Bitcoin exchange rate (BTC vs. LTC) on Kraken. Updated daily at 6:00pm EST. Data is sourced from http://www.bitcoincharts.com . For other Bitcoin data and charts see our Bitcoin markets page (http://www.quandl.com/markets/bitcoin-data).,2017-04-20 23:02:19,2014-01-07,2016-07-19
KRAKENNMC,Bitcoin Markets (krakenNMC),Daily Bitcoin exchange rate (BTC vs. NMC) on Kraken. Updated daily at 6:00pm EST. Data is sourced from http://www.bitcoincharts.com . For other Bitcoin data and charts see our Bitcoin markets page (http://www.quandl.com/markets/bitcoin-data).,2017-04-20 23:02:20,2014-01-02,2016-05-22
KRAKENUSD,Bitcoin Markets (krakenUSD),Daily Bitcoin exchange rate (BTC vs. USD) on Kraken. Updated daily at 6:00pm EST. Data is sourced from http://www.bitcoincharts.com . For other Bitcoin data and charts see our Bitcoin markets page (http://www.quandl.com/markets/bitcoin-data).,2020-04-25 23:04:27,2014-01-07,2020-04-25
KRAKENXRP,Bitcoin Markets (krakenXRP),Daily Bitcoin exchange rate (BTC vs. XRP) on Kraken. Updated daily at 6:00pm EST. Data is sourced from http://www.bitcoincharts.com . For other Bitcoin data and charts see our Bitcoin markets page (http://www.quandl.com/markets/bitcoin-data).,2017-04-20 23:02:20,2014-01-04,2016-07-19
LAKEUSD,Bitcoin Markets (lakeUSD),Daily Bitcoin exchange rate (BTC vs. USD) on Lake. Updated daily at 6:00pm EST. Data is sourced from http://www.bitcoincharts.com . For other Bitcoin data and charts see our Bitcoin markets page (http://www.quandl.com/markets/bitcoin-data).,2020-04-25 23:04:27,2014-03-01,2020-04-25
LOCALBTCARS,Bitcoin Markets (localbtcARS),Daily Bitcoin exchange rate (BTC vs. ARS) on Localbtc. Updated daily at 6:00pm EST. Data is sourced from http://www.bitcoincharts.com . For other Bitcoin data and charts see our Bitcoin markets page (http://www.quandl.com/markets/bitcoin-data).,2019-02-06 00:18:18,2013-04-19,2019-01-08
LOCALBTCAUD,Bitcoin Markets (localbtcAUD),Daily Bitcoin exchange rate (BTC vs. AUD) on Localbtc. Updated daily at 6:00pm EST. Data is sourced from http://www.bitcoincharts.com . For other Bitcoin data and charts see our Bitcoin markets page (http://www.quandl.com/markets/bitcoin-data).,2019-02-06 00:18:19,2013-03-11,2019-01-08
LOCALBTCBRL,Bitcoin Markets (localbtcBRL),Daily Bitcoin exchange rate (BTC vs. BRL) on Localbtc. Updated daily at 6:00pm EST. Data is sourced from http://www.bitcoincharts.com . For other Bitcoin data and charts see our Bitcoin markets page (http://www.quandl.com/markets/bitcoin-data).,2019-02-06 00:18:19,2013-03-18,2019-01-08
LOCALBTCCAD,Bitcoin Markets (localbtcCAD),Daily Bitcoin exchange rate (BTC vs. CAD) on Localbtc. Updated daily at 6:00pm EST. Data is sourced from http://www.bitcoincharts.com . For other Bitcoin data and charts see our Bitcoin markets page (http://www.quandl.com/markets/bitcoin-data).,2019-02-06 00:18:19,2013-03-12,2019-01-08
LOCALBTCCHF,Bitcoin Markets (localbtcCHF),Daily Bitcoin exchange rate (BTC vs. CHF) on Localbtc. Updated daily at 6:00pm EST. Data is sourced from http://www.bitcoincharts.com . For other Bitcoin data and charts see our Bitcoin markets page (http://www.quandl.com/markets/bitcoin-data).,2019-02-06 00:18:19,2013-04-07,2019-01-08
LOCALBTCCZK,Bitcoin Markets (localbtcCZK),Daily Bitcoin exchange rate (BTC vs. CZK) on Localbtc. Updated daily at 6:00pm EST. Data is sourced from http://www.bitcoincharts.com . For other Bitcoin data and charts see our Bitcoin markets page (http://www.quandl.com/markets/bitcoin-data).,2019-02-05 00:18:31,2013-04-10,2019-01-07
LOCALBTCDKK,Bitcoin Markets (localbtcDKK),Daily Bitcoin exchange rate (BTC vs. DKK) on Localbtc. Updated daily at 6:00pm EST. Data is sourced from http://www.bitcoincharts.com . For other Bitcoin data and charts see our Bitcoin markets page (http://www.quandl.com/markets/bitcoin-data).,2019-02-06 00:18:18,2013-04-19,2019-01-08
LOCALBTCEUR,Bitcoin Markets (localbtcEUR),Daily Bitcoin exchange rate (BTC vs. EUR) on Localbtc. Updated daily at 6:00pm EST. Data is sourced from http://www.bitcoincharts.com . For other Bitcoin data and charts see our Bitcoin markets page (http://www.quandl.com/markets/bitcoin-data).,2019-02-06 00:18:19,2013-03-12,2019-01-08
LOCALBTCGBP,Bitcoin Markets (localbtcGBP),Daily Bitcoin exchange rate (BTC vs. GBP) on Localbtc. Updated daily at 6:00pm EST. Data is sourced from http://www.bitcoincharts.com . For other Bitcoin data and charts see our Bitcoin markets page (http://www.quandl.com/markets/bitcoin-data).,2019-02-06 00:18:19,2013-03-11,2019-01-08
LOCALBTCHKD,Bitcoin Markets (localbtcHKD),Daily Bitcoin exchange rate (BTC vs. HKD) on Localbtc. Updated daily at 6:00pm EST. Data is sourced from http://www.bitcoincharts.com . For other Bitcoin data and charts see our Bitcoin markets page (http://www.quandl.com/markets/bitcoin-data).,2019-02-06 00:18:19,2013-04-03,2019-01-08
LOCALBTCILS,Bitcoin Markets (localbtcILS),Daily Bitcoin exchange rate (BTC vs. ILS) on Localbtc. Updated daily at 6:00pm EST. Data is sourced from http://www.bitcoincharts.com . For other Bitcoin data and charts see our Bitcoin markets page (http://www.quandl.com/markets/bitcoin-data).,2019-02-05 00:18:31,2013-03-18,2019-01-07
LOCALBTCINR,Bitcoin Markets (localbtcINR),Daily Bitcoin exchange rate (BTC vs. INR) on Localbtc. Updated daily at 6:00pm EST. Data is sourced from http://www.bitcoincharts.com . For other Bitcoin data and charts see our Bitcoin markets page (http://www.quandl.com/markets/bitcoin-data).,2019-02-06 00:18:19,2013-03-20,2019-01-08
LOCALBTCMXN,Bitcoin Markets (localbtcMXN),Daily Bitcoin exchange rate (BTC vs. MXN) on Localbtc. Updated daily at 6:00pm EST. Data is sourced from http://www.bitcoincharts.com . For other Bitcoin data and charts see our Bitcoin markets page (http://www.quandl.com/markets/bitcoin-data).,2019-02-06 00:18:19,2013-03-11,2019-01-08
LOCALBTCNOK,Bitcoin Markets (localbtcNOK),Daily Bitcoin exchange rate (BTC vs. NOK) on Localbtc. Updated daily at 6:00pm EST. Data is sourced from http://www.bitcoincharts.com . For other Bitcoin data and charts see our Bitcoin markets page (http://www.quandl.com/markets/bitcoin-data).,2019-02-06 00:18:19,2013-03-12,2019-01-08
LOCALBTCNZD,Bitcoin Markets (localbtcNZD),Daily Bitcoin exchange rate (BTC vs. NZD) on Localbtc. Updated daily at 6:00pm EST. Data is sourced from http://www.bitcoincharts.com . For other Bitcoin data and charts see our Bitcoin markets page (http://www.quandl.com/markets/bitcoin-data).,2019-02-06 00:18:19,2013-03-13,2019-01-08
LOCALBTCPLN,Bitcoin Markets (localbtcPLN),Daily Bitcoin exchange rate (BTC vs. PLN) on Localbtc. Updated daily at 6:00pm EST. Data is sourced from http://www.bitcoincharts.com . For other Bitcoin data and charts see our Bitcoin markets page (http://www.quandl.com/markets/bitcoin-data).,2019-02-06 00:18:18,2013-06-24,2019-01-08
LOCALBTCRUB,Bitcoin Markets (localbtcRUB),Daily Bitcoin exchange rate (BTC vs. RUB) on Localbtc. Updated daily at 6:00pm EST. Data is sourced from http://www.bitcoincharts.com . For other Bitcoin data and charts see our Bitcoin markets page (http://www.quandl.com/markets/bitcoin-data).,2019-02-06 00:18:18,2013-03-28,2019-01-08
LOCALBTCSEK,Bitcoin Markets (localbtcSEK),Daily Bitcoin exchange rate (BTC vs. SEK) on Localbtc. Updated daily at 6:00pm EST. Data is sourced from http://www.bitcoincharts.com . For other Bitcoin data and charts see our Bitcoin markets page (http://www.quandl.com/markets/bitcoin-data).,2019-02-06 00:18:18,2013-03-12,2019-01-08
LOCALBTCSGD,Bitcoin Markets (localbtcSGD),Daily Bitcoin exchange rate (BTC vs. SGD) on Localbtc. Updated daily at 6:00pm EST. Data is sourced from http://www.bitcoincharts.com . For other Bitcoin data and charts see our Bitcoin markets page (http://www.quandl.com/markets/bitcoin-data).,2019-02-06 00:18:19,2013-03-23,2019-01-08
LOCALBTCTHB,Bitcoin Markets (localbtcTHB),Daily Bitcoin exchange rate (BTC vs. THB) on Localbtc. Updated daily at 6:00pm EST. Data is sourced from http://www.bitcoincharts.com . For other Bitcoin data and charts see our Bitcoin markets page (http://www.quandl.com/markets/bitcoin-data).,2019-02-06 00:18:19,2013-03-25,2019-01-08
LOCALBTCUSD,Bitcoin Markets (localbtcUSD),Daily Bitcoin exchange rate (BTC vs. USD) on Localbtc. Updated daily at 6:00pm EST. Data is sourced from http://www.bitcoincharts.com . For other Bitcoin data and charts see our Bitcoin markets page (http://www.quandl.com/markets/bitcoin-data).,2019-02-06 00:18:18,2013-03-11,2019-01-08
LOCALBTCVEF,Bitcoin Markets (localbtcVEF),This dataset has no description.,2018-12-20 00:04:19,2017-08-14,2018-11-21
LOCALBTCVES,Bitcoin Markets (localbtcVES),This dataset has no description.,2019-02-06 00:18:19,2018-08-21,2019-01-08
LOCALBTCVND,Bitcoin Markets (localbtcVND),This dataset has no description.,2019-02-06 00:18:19,2017-04-20,2019-01-08
LOCALBTCZAR,Bitcoin Markets (localbtcZAR),Daily Bitcoin exchange rate (BTC vs. ZAR) on Localbtc. Updated daily at 6:00pm EST. Data is sourced from http://www.bitcoincharts.com . For other Bitcoin data and charts see our Bitcoin markets page (http://www.quandl.com/markets/bitcoin-data).,2019-02-06 00:18:19,2013-05-24,2019-01-08
LYBITCAD,Bitcoin Markets (lybitCAD),Daily Bitcoin exchange rate (BTC vs. CAD) on Lybit. Updated daily at 6:00pm EST. Data is sourced from http://www.bitcoincharts.com . For other Bitcoin data and charts see our Bitcoin markets page (http://www.quandl.com/markets/bitcoin-data).,2016-01-14 23:01:26,2013-01-27,2013-06-10
LYBITUSD,Bitcoin Markets (lybitUSD),Daily Bitcoin exchange rate (BTC vs. USD) on Lybit. Updated daily at 6:00pm EST. Data is sourced from http://www.bitcoincharts.com . For other Bitcoin data and charts see our Bitcoin markets page (http://www.quandl.com/markets/bitcoin-data).,2016-01-14 23:01:26,2013-01-29,2013-06-08
MRCDBRL,Bitcoin Markets (mrcdBRL),Daily Bitcoin exchange rate (BTC vs. BRL) on Mrcd. Updated daily at 6:00pm EST. Data is sourced from http://www.bitcoincharts.com . For other Bitcoin data and charts see our Bitcoin markets page (http://www.quandl.com/markets/bitcoin-data).,2019-02-12 00:19:35,2011-07-28,2019-02-11
MTGOXAUD,Bitcoin Markets (mtgoxAUD),Daily Bitcoin exchange rate (BTC vs. AUD) on Mtgox. Updated daily at 6:00pm EST. Data is sourced from http://www.bitcoincharts.com . For other Bitcoin data and charts see our Bitcoin markets page (http://www.quandl.com/markets/bitcoin-data).,2016-01-14 23:01:25,2011-09-02,2014-02-25
MTGOXCAD,Bitcoin Markets (mtgoxCAD),Daily Bitcoin exchange rate (BTC vs. CAD) on Mtgox. Updated daily at 6:00pm EST. Data is sourced from http://www.bitcoincharts.com . For other Bitcoin data and charts see our Bitcoin markets page (http://www.quandl.com/markets/bitcoin-data).,2016-01-14 23:01:26,2011-09-27,2014-02-25
MTGOXCHF,Bitcoin Markets (mtgoxCHF),Daily Bitcoin exchange rate (BTC vs. CHF) on Mtgox. Updated daily at 6:00pm EST. Data is sourced from http://www.bitcoincharts.com . For other Bitcoin data and charts see our Bitcoin markets page (http://www.quandl.com/markets/bitcoin-data).,2016-01-14 23:01:26,2011-09-03,2014-02-25
MTGOXCNY,Bitcoin Markets (mtgoxCNY),Daily Bitcoin exchange rate (BTC vs. CNY) on Mtgox. Updated daily at 6:00pm EST. Data is sourced from http://www.bitcoincharts.com . For other Bitcoin data and charts see our Bitcoin markets page (http://www.quandl.com/markets/bitcoin-data).,2016-01-14 23:01:25,2011-09-02,2014-02-25
MTGOXDKK,Bitcoin Markets (mtgoxDKK),Daily Bitcoin exchange rate (BTC vs. DKK) on Mtgox. Updated daily at 6:00pm EST. Data is sourced from http://www.bitcoincharts.com . For other Bitcoin data and charts see our Bitcoin markets page (http://www.quandl.com/markets/bitcoin-data).,2016-01-14 23:01:26,2011-09-06,2014-02-24
MTGOXEUR,Bitcoin Markets (mtgoxEUR),Daily Bitcoin exchange rate (BTC vs. EUR) on Mtgox. Updated daily at 6:00pm EST. Data is sourced from http://www.bitcoincharts.com . For other Bitcoin data and charts see our Bitcoin markets page (http://www.quandl.com/markets/bitcoin-data).,2016-01-14 23:01:26,2011-08-27,2014-02-25
MTGOXGBP,Bitcoin Markets (mtgoxGBP),Daily Bitcoin exchange rate (BTC vs. GBP) on Mtgox. Updated daily at 6:00pm EST. Data is sourced from http://www.bitcoincharts.com . For other Bitcoin data and charts see our Bitcoin markets page (http://www.quandl.com/markets/bitcoin-data).,2016-01-14 23:01:26,2011-09-06,2014-02-25
MTGOXHKD,Bitcoin Markets (mtgoxHKD),Daily Bitcoin exchange rate (BTC vs. HKD) on Mtgox. Updated daily at 6:00pm EST. Data is sourced from http://www.bitcoincharts.com . For other Bitcoin data and charts see our Bitcoin markets page (http://www.quandl.com/markets/bitcoin-data).,2016-01-14 23:01:26,2011-10-04,2014-02-25
MTGOXJPY,Bitcoin Markets (mtgoxJPY),Daily Bitcoin exchange rate (BTC vs. JPY) on Mtgox. Updated daily at 6:00pm EST. Data is sourced from http://www.bitcoincharts.com . For other Bitcoin data and charts see our Bitcoin markets page (http://www.quandl.com/markets/bitcoin-data).,2016-01-14 23:01:26,2011-08-27,2014-02-25
MTGOXNZD,Bitcoin Markets (mtgoxNZD),Daily Bitcoin exchange rate (BTC vs. NZD) on Mtgox. Updated daily at 6:00pm EST. Data is sourced from http://www.bitcoincharts.com . For other Bitcoin data and charts see our Bitcoin markets page (http://www.quandl.com/markets/bitcoin-data).,2016-01-14 23:01:25,2011-09-27,2014-02-25
MTGOXPLN,Bitcoin Markets (mtgoxPLN),Daily Bitcoin exchange rate (BTC vs. PLN) on Mtgox. Updated daily at 6:00pm EST. Data is sourced from http://www.bitcoincharts.com . For other Bitcoin data and charts see our Bitcoin markets page (http://www.quandl.com/markets/bitcoin-data).,2016-01-14 23:01:26,2011-09-02,2014-02-25
MTGOXRUB,Bitcoin Markets (mtgoxRUB),Daily Bitcoin exchange rate (BTC vs. RUB) on Mtgox. Updated daily at 6:00pm EST. Data is sourced from http://www.bitcoincharts.com . For other Bitcoin data and charts see our Bitcoin markets page (http://www.quandl.com/markets/bitcoin-data).,2016-01-14 23:01:26,2011-09-11,2014-02-24
MTGOXSEK,Bitcoin Markets (mtgoxSEK),Daily Bitcoin exchange rate (BTC vs. SEK) on Mtgox. Updated daily at 6:00pm EST. Data is sourced from http://www.bitcoincharts.com . For other Bitcoin data and charts see our Bitcoin markets page (http://www.quandl.com/markets/bitcoin-data).,2016-01-14 23:01:26,2011-09-04,2014-02-25
MTGOXSGD,Bitcoin Markets (mtgoxSGD),Daily Bitcoin exchange rate (BTC vs. SGD) on Mtgox. Updated daily at 6:00pm EST. Data is sourced from http://www.bitcoincharts.com . For other Bitcoin data and charts see our Bitcoin markets page (http://www.quandl.com/markets/bitcoin-data).,2016-01-14 23:01:26,2011-09-18,2014-02-24
MTGOXTHB,Bitcoin Markets (mtgoxTHB),Daily Bitcoin exchange rate (BTC vs. THB) on Mtgox. Updated daily at 6:00pm EST. Data is sourced from http://www.bitcoincharts.com . For other Bitcoin data and charts see our Bitcoin markets page (http://www.quandl.com/markets/bitcoin-data).,2016-01-14 23:01:26,2011-10-13,2014-02-21
MTGOXUSD,Bitcoin Markets (mtgoxUSD),Daily Bitcoin exchange rate (BTC vs. USD) on Mtgox. Updated daily at 6:00pm EST. Data is sourced from http://www.bitcoincharts.com . For other Bitcoin data and charts see our Bitcoin markets page (http://www.quandl.com/markets/bitcoin-data).,2016-01-14 23:01:26,2010-07-17,2014-02-25
NEVBITPLN,Bitcoin Markets (nevbitPLN),This dataset has no description.,2020-04-25 23:04:27,2017-04-12,2020-04-25
OKCOINCNY,Bitcoin Markets (okcoinCNY),Daily Bitcoin exchange rate (BTC vs. CNY) on Okcoin. Updated daily at 6:00pm EST. Data is sourced from http://www.bitcoincharts.com . For other Bitcoin data and charts see our Bitcoin markets page (http://www.quandl.com/markets/bitcoin-data).,2017-06-16 23:03:40,2013-06-12,2017-05-18
OKCOINUSD,Bitcoin Markets (okcoinUSD),This dataset has no description.,2019-10-24 23:11:38,2017-08-07,2019-09-25
OMNITRADEBRL,Bitcoin Markets (omnitradeBRL),This dataset has no description.,2020-04-25 23:04:27,2018-05-16,2020-03-31
P2PB2BUSD,Bitcoin Markets (p2pb2bUSD),This dataset has no description.,2019-08-05 23:04:30,2019-01-24,2019-07-07
REMITANOVND,Bitcoin Markets (remitanoVND),This dataset has no description.,2017-12-11 00:06:24,2017-10-19,2017-11-12
RIPPLEEUR,Bitcoin Markets (rippleEUR),Daily Bitcoin exchange rate (BTC vs. EUR) on Ripple. Updated daily at 6:00pm EST. Data is sourced from http://www.bitcoincharts.com . For other Bitcoin data and charts see our Bitcoin markets page (http://www.quandl.com/markets/bitcoin-data).,2016-01-14 23:01:26,2013-02-28,2014-11-03
RMBTBCNY,Bitcoin Markets (rmbtbCNY),Daily Bitcoin exchange rate (BTC vs. CNY) on Rmbtb. Updated daily at 6:00pm EST. Data is sourced from http://www.bitcoincharts.com . For other Bitcoin data and charts see our Bitcoin markets page (http://www.quandl.com/markets/bitcoin-data).,2016-01-14 23:01:26,2013-05-22,2013-12-16
ROCKEUR,Bitcoin Markets (rockEUR),Daily Bitcoin exchange rate (BTC vs. EUR) on Rock. Updated daily at 6:00pm EST. Data is sourced from http://www.bitcoincharts.com . For other Bitcoin data and charts see our Bitcoin markets page (http://www.quandl.com/markets/bitcoin-data).,2020-04-25 23:04:27,2011-11-09,2020-04-25
ROCKSLL,Bitcoin Markets (rockSLL),Daily Bitcoin exchange rate (BTC vs. SLL) on Rock. Updated daily at 6:00pm EST. Data is sourced from http://www.bitcoincharts.com . For other Bitcoin data and charts see our Bitcoin markets page (http://www.quandl.com/markets/bitcoin-data).,2016-01-14 23:01:26,2011-06-11,2013-09-23
ROCKUSD,Bitcoin Markets (rockUSD),Daily Bitcoin exchange rate (BTC vs. USD) on Rock. Updated daily at 6:00pm EST. Data is sourced from http://www.bitcoincharts.com . For other Bitcoin data and charts see our Bitcoin markets page (http://www.quandl.com/markets/bitcoin-data).,2018-02-01 23:05:58,2011-11-12,2018-01-03
RUXUMAUD,Bitcoin Markets (ruxumAUD),Daily Bitcoin exchange rate (BTC vs. AUD) on Ruxum. Updated daily at 6:00pm EST. Data is sourced from http://www.bitcoincharts.com . For other Bitcoin data and charts see our Bitcoin markets page (http://www.quandl.com/markets/bitcoin-data).,2016-01-14 23:01:25,2011-08-24,2011-10-16
RUXUMCHF,Bitcoin Markets (ruxumCHF),Daily Bitcoin exchange rate (BTC vs. CHF) on Ruxum. Updated daily at 6:00pm EST. Data is sourced from http://www.bitcoincharts.com . For other Bitcoin data and charts see our Bitcoin markets page (http://www.quandl.com/markets/bitcoin-data).,2016-01-14 23:01:25,2011-08-10,2011-10-19
RUXUMEUR,Bitcoin Markets (ruxumEUR),Daily Bitcoin exchange rate (BTC vs. EUR) on Ruxum. Updated daily at 6:00pm EST. Data is sourced from http://www.bitcoincharts.com . For other Bitcoin data and charts see our Bitcoin markets page (http://www.quandl.com/markets/bitcoin-data).,2016-01-14 23:01:25,2011-08-10,2012-06-01
RUXUMGBP,Bitcoin Markets (ruxumGBP),Daily Bitcoin exchange rate (BTC vs. GBP) on Ruxum. Updated daily at 6:00pm EST. Data is sourced from http://www.bitcoincharts.com . For other Bitcoin data and charts see our Bitcoin markets page (http://www.quandl.com/markets/bitcoin-data).,2016-01-14 23:01:25,2011-08-10,2011-10-16
RUXUMHKD,Bitcoin Markets (ruxumHKD),Daily Bitcoin exchange rate (BTC vs. HKD) on Ruxum. Updated daily at 6:00pm EST. Data is sourced from http://www.bitcoincharts.com . For other Bitcoin data and charts see our Bitcoin markets page (http://www.quandl.com/markets/bitcoin-data).,2016-01-14 23:01:25,2011-08-03,2011-10-16
RUXUMHUF,Bitcoin Markets (ruxumHUF),Daily Bitcoin exchange rate (BTC vs. HUF) on Ruxum. Updated daily at 6:00pm EST. Data is sourced from http://www.bitcoincharts.com . For other Bitcoin data and charts see our Bitcoin markets page (http://www.quandl.com/markets/bitcoin-data).,2016-01-14 23:01:25,2011-08-24,2011-10-28
RUXUMJPY,Bitcoin Markets (ruxumJPY),Daily Bitcoin exchange rate (BTC vs. JPY) on Ruxum. Updated daily at 6:00pm EST. Data is sourced from http://www.bitcoincharts.com . For other Bitcoin data and charts see our Bitcoin markets page (http://www.quandl.com/markets/bitcoin-data).,2016-01-14 23:01:25,2011-08-03,2011-10-19
RUXUMPLN,Bitcoin Markets (ruxumPLN),Daily Bitcoin exchange rate (BTC vs. PLN) on Ruxum. Updated daily at 6:00pm EST. Data is sourced from http://www.bitcoincharts.com . For other Bitcoin data and charts see our Bitcoin markets page (http://www.quandl.com/markets/bitcoin-data).,2016-01-14 23:01:25,2011-08-10,2011-10-14
RUXUMRUB,Bitcoin Markets (ruxumRUB),Daily Bitcoin exchange rate (BTC vs. RUB) on Ruxum. Updated daily at 6:00pm EST. Data is sourced from http://www.bitcoincharts.com . For other Bitcoin data and charts see our Bitcoin markets page (http://www.quandl.com/markets/bitcoin-data).,2016-01-14 23:01:25,2011-08-24,2011-10-21
RUXUMSEK,Bitcoin Markets (ruxumSEK),Daily Bitcoin exchange rate (BTC vs. SEK) on Ruxum. Updated daily at 6:00pm EST. Data is sourced from http://www.bitcoincharts.com . For other Bitcoin data and charts see our Bitcoin markets page (http://www.quandl.com/markets/bitcoin-data).,2016-01-14 23:01:25,2011-09-11,2011-10-19
RUXUMSGD,Bitcoin Markets (ruxumSGD),Daily Bitcoin exchange rate (BTC vs. SGD) on Ruxum. Updated daily at 6:00pm EST. Data is sourced from http://www.bitcoincharts.com . For other Bitcoin data and charts see our Bitcoin markets page (http://www.quandl.com/markets/bitcoin-data).,2016-01-14 23:01:25,2011-08-03,2011-10-16
RUXUMTHB,Bitcoin Markets (ruxumTHB),Daily Bitcoin exchange rate (BTC vs. THB) on Ruxum. Updated daily at 6:00pm EST. Data is sourced from http://www.bitcoincharts.com . For other Bitcoin data and charts see our Bitcoin markets page (http://www.quandl.com/markets/bitcoin-data).,2016-01-14 23:01:25,2011-08-04,2011-10-13
RUXUMUAH,Bitcoin Markets (ruxumUAH),Daily Bitcoin exchange rate (BTC vs. UAH) on Ruxum. Updated daily at 6:00pm EST. Data is sourced from http://www.bitcoincharts.com . For other Bitcoin data and charts see our Bitcoin markets page (http://www.quandl.com/markets/bitcoin-data).,2016-01-14 23:01:25,2011-09-11,2011-10-16
RUXUMUSD,Bitcoin Markets (ruxumUSD),Daily Bitcoin exchange rate (BTC vs. USD) on Ruxum. Updated daily at 6:00pm EST. Data is sourced from http://www.bitcoincharts.com . For other Bitcoin data and charts see our Bitcoin markets page (http://www.quandl.com/markets/bitcoin-data).,2016-01-14 23:01:25,2011-06-30,2012-09-12
RUXUMZAR,Bitcoin Markets (ruxumZAR),Daily Bitcoin exchange rate (BTC vs. ZAR) on Ruxum. Updated daily at 6:00pm EST. Data is sourced from http://www.bitcoincharts.com . For other Bitcoin data and charts see our Bitcoin markets page (http://www.quandl.com/markets/bitcoin-data).,2016-01-14 23:01:25,2011-09-10,2011-10-19
SNWCNXRP,Bitcoin Markets (snwcnXRP),Daily Bitcoin exchange rate (BTC vs. XRP) on Snwcn. Updated daily at 6:00pm EST. Data is sourced from http://www.bitcoincharts.com . For other Bitcoin data and charts see our Bitcoin markets page (http://www.quandl.com/markets/bitcoin-data).,2016-01-14 23:01:25,2013-04-19,2013-05-08
SURBTCVEF,Bitcoin Markets (surbtcVEF),This dataset has no description.,2019-12-17 00:18:46,2017-06-05,2019-11-18
THAUD,Bitcoin Markets (thAUD),Daily Bitcoin exchange rate (BTC vs. AUD) on Th. Updated daily at 6:00pm EST. Data is sourced from http://www.bitcoincharts.com . For other Bitcoin data and charts see our Bitcoin markets page (http://www.quandl.com/markets/bitcoin-data).,2016-01-14 23:01:25,2011-07-04,2012-02-12
THCLP,Bitcoin Markets (thCLP),Daily Bitcoin exchange rate (BTC vs. CLP) on Th. Updated daily at 6:00pm EST. Data is sourced from http://www.bitcoincharts.com . For other Bitcoin data and charts see our Bitcoin markets page (http://www.quandl.com/markets/bitcoin-data).,2016-01-14 23:01:25,2011-06-09,2012-02-13
THEUR,Bitcoin Markets (thEUR),Daily Bitcoin exchange rate (BTC vs. EUR) on Th. Updated daily at 6:00pm EST. Data is sourced from http://www.bitcoincharts.com . For other Bitcoin data and charts see our Bitcoin markets page (http://www.quandl.com/markets/bitcoin-data).,2016-01-14 23:01:26,2011-07-21,2012-02-13
THINR,Bitcoin Markets (thINR),Daily Bitcoin exchange rate (BTC vs. INR) on Th. Updated daily at 6:00pm EST. Data is sourced from http://www.bitcoincharts.com . For other Bitcoin data and charts see our Bitcoin markets page (http://www.quandl.com/markets/bitcoin-data).,2016-01-14 23:01:25,2011-06-22,2012-01-30
THLRUSD,Bitcoin Markets (thLRUSD),Daily Bitcoin exchange rate (BTC vs. USD) on Thlr. Updated daily at 6:00pm EST. Data is sourced from http://www.bitcoincharts.com . For other Bitcoin data and charts see our Bitcoin markets page (http://www.quandl.com/markets/bitcoin-data).,2016-01-14 23:01:25,2011-06-10,2012-02-13
THUSD,Bitcoin Markets (thUSD),Daily Bitcoin exchange rate (BTC vs. USD) on Th. Updated daily at 6:00pm EST. Data is sourced from http://www.bitcoincharts.com . For other Bitcoin data and charts see our Bitcoin markets page (http://www.quandl.com/markets/bitcoin-data).,2016-01-14 23:01:25,2011-06-08,2012-02-13
URDUBITPKR,Bitcoin Markets (urdubitPKR),This dataset has no description.,2019-09-26 23:04:32,2017-06-05,2019-08-28
VBTCVND,Bitcoin Markets (vbtcVND),This dataset has no description.,2020-01-26 00:08:13,2017-06-29,2019-12-28
VCXEUR,Bitcoin Markets (vcxEUR),Daily Bitcoin exchange rate (BTC vs. EUR) on Vcx. Updated daily at 6:00pm EST. Data is sourced from http://www.bitcoincharts.com . For other Bitcoin data and charts see our Bitcoin markets page (http://www.quandl.com/markets/bitcoin-data).,2018-01-29 23:09:35,2012-01-22,2017-12-31
VCXUSD,Bitcoin Markets (vcxUSD),Daily Bitcoin exchange rate (BTC vs. USD) on Vcx. Updated daily at 6:00pm EST. Data is sourced from http://www.bitcoincharts.com . For other Bitcoin data and charts see our Bitcoin markets page (http://www.quandl.com/markets/bitcoin-data).,2018-01-29 23:09:35,2011-12-25,2017-12-31
VIRTEXCAD,Bitcoin Markets (virtexCAD),Daily Bitcoin exchange rate (BTC vs. CAD) on Virtex. Updated daily at 6:00pm EST. Data is sourced from http://www.bitcoincharts.com . For other Bitcoin data and charts see our Bitcoin markets page (http://www.quandl.com/markets/bitcoin-data).,2017-04-20 23:02:18,2011-06-08,2016-01-27
VIRWOXSLL,Bitcoin Markets (virwoxSLL),Daily Bitcoin exchange rate (BTC vs. SLL) on Virwox. Updated daily at 6:00pm EST. Data is sourced from http://www.bitcoincharts.com . For other Bitcoin data and charts see our Bitcoin markets page (http://www.quandl.com/markets/bitcoin-data).,2020-02-04 00:14:52,2011-04-27,2020-01-06
WBXAUD,Bitcoin Markets (wbxAUD),Daily Bitcoin exchange rate (BTC vs. AUD) on Wbx. Updated daily at 6:00pm EST. Data is sourced from http://www.bitcoincharts.com . For other Bitcoin data and charts see our Bitcoin markets page (http://www.quandl.com/markets/bitcoin-data).,2016-01-14 23:01:26,2011-08-15,2014-02-25
WEEXAUD,Bitcoin Markets (weexAUD),Daily Bitcoin exchange rate (BTC vs. AUD) on Weex. Updated daily at 6:00pm EST. Data is sourced from http://www.bitcoincharts.com . For other Bitcoin data and charts see our Bitcoin markets page (http://www.quandl.com/markets/bitcoin-data).,2016-01-14 23:01:26,2011-10-27,2013-11-27
WEEXCAD,Bitcoin Markets (weexCAD),Daily Bitcoin exchange rate (BTC vs. CAD) on Weex. Updated daily at 6:00pm EST. Data is sourced from http://www.bitcoincharts.com . For other Bitcoin data and charts see our Bitcoin markets page (http://www.quandl.com/markets/bitcoin-data).,2016-01-14 23:01:26,2012-10-09,2013-11-19
WEEXUSD,Bitcoin Markets (weexUSD),Daily Bitcoin exchange rate (BTC vs. USD) on Weex. Updated daily at 6:00pm EST. Data is sourced from http://www.bitcoincharts.com . For other Bitcoin data and charts see our Bitcoin markets page (http://www.quandl.com/markets/bitcoin-data).,2016-01-14 23:01:26,2012-06-01,2013-11-26
WEXEUR,Bitcoin Markets (wexEUR),This dataset has no description.,2018-12-31 06:37:09,2017-10-17,2018-12-02
WEXRUB,Bitcoin Markets (wexRUB),This dataset has no description.,2019-01-03 01:27:53,2017-10-17,2018-12-05
WEXUSD,Bitcoin Markets (wexUSD),This dataset has no description.,2019-01-03 01:27:53,2017-09-19,2018-12-05
ZAIFJPY,Bitcoin Markets (zaifJPY),This dataset has no description.,2020-04-25 23:04:27,2017-07-17,2020-04-25
ZYADOEUR,Bitcoin Markets (zyadoEUR),Daily Bitcoin exchange rate (BTC vs. EUR) on Zyado. Updated daily at 6:00pm EST. Data is sourced from http://www.bitcoincharts.com . For other Bitcoin data and charts see our Bitcoin markets page (http://www.quandl.com/markets/bitcoin-data).,2020-04-13 23:04:40,2014-04-24,2020-03-15
